Pgen,sunshine,day,tem,sunshine_norm,day_norm,tem_norm,,sun,sun_norm,,-2018,Pgen_norm,,2017,genn,P2gen_norm,2019->,Pgen1_norm,,2019-data,sunshine1_norm,,,sun1_norm,,,mlp,lstm,219.152586
403.18,8.4,,0.4,0.651162791,0,0.242647059,,10.96,0.363636364,,403.18,0.570276807,,,443,0.013806214,,0.2343186,,1.4,0.108527132,,5.69,0.188785667,,,,,
159.71,2.6,,0.8,0.201550388,0.005479452,0.25245098,,5.98,0.198407432,,159.71,0.225901356,,,442.58,0.013793125,,0.407941087,,4.6,0.356589147,,10.67,0.354014599,,,,,
416.4,8.3,,-1.3,0.643410853,0.008219178,0.200980392,,10.99,0.364631719,,416.4,0.588975799,,,293.87,0.009158538,,0.614455735,,8.6,0.666666667,12.9,12.33,0.409090909,30.14,,,,
222.5,1.6,,-1.9,0.124031008,0.010958904,0.18627451,,8.16,0.270736563,,222.5,0.314714494,,,181.3,0.005650263,,0.169896931,,1.5,0.11627907,,5.29,0.175514267,,,,,
319.2,4.5,,0.5,0.348837209,0.01369863,0.245098039,,10.54,0.349701393,,319.2,0.451491535,,,127.87,0.003985103,,0.552599916,,8.3,0.643410853,,10.77,0.357332449,,,,,
430.96,8.5,,-0.1,0.658914729,0.016438356,0.230392157,,12.14,0.402786994,,430.96,0.60957015,,,358.52,0.011173372,,0.616934607,,8.2,0.635658915,,11.36,0.376907764,,,0.5060772,0.5469391,
93,0,,-0.6,0,0.019178082,0.218137255,,4.32,0.143331121,,93,0.131543586,,,190.51,0.005937295,,0.417015786,,5.2,0.403100775,,9.87,0.327471798,,,0.38464394,0.5547108,
85.31,0,,2.2,0,0.021917808,0.286764706,,1.89,0.062707366,,85.31,0.120666488,,,300.79,0.009374201,,0.376730499,,5.5,0.426356589,,9.21,0.305573988,,,0.45621216,0.54766494,
137.16,1.1,,-0.3,0.085271318,0.024657534,0.225490196,,5.94,0.197080292,,137.16,0.194005573,,,372.84,0.011619659,,0.44161605,,4.6,0.356589147,,9.35,0.310218978,,,0.3857137,0.5443459,
14.14,1.2,,-3.5,0.093023256,0.02739726,0.147058824,,5.41,0.179495687,,14.14,0.020000283,,,257.86,0.008036276,,0.22075004,,2.4,0.186046512,,5.1,0.169210352,,,0.49103177,0.55736816,
1.12,1.1,,-7.5,0.085271318,0.030136986,0.049019608,,4.29,0.142335766,,1.12,0.001584181,,,404.41,0.012603547,,0.444312367,,5,0.387596899,,9.32,0.309223623,,,0.49198037,0.5039244,
14.98,4.4,,-9.5,0.341085271,0.032876712,0,,7.79,0.258460518,,14.98,0.021188419,,,275.79,0.00859507,,0.417900062,,7.1,0.550387597,,8.26,0.274054413,,,0.44708243,0.5051428,
271.77,7,,-1.7,0.542635659,0.035616438,0.191176471,,11.6,0.384870604,,271.77,0.384404306,,,186.03,0.005797675,,0.59372599,,8.4,0.651162791,,10.89,0.361313869,,,0.37187353,0.49429998,
372.32,5.4,,0.9,0.418604651,0.038356164,0.254901961,,10.38,0.344392833,,372.32,0.526626968,,,503.68,0.015697323,,0.407390227,,5.4,0.418604651,,9.92,0.329130723,,,0.4093709,0.5255951,
350.92,7,,4.6,0.542635659,0.04109589,0.345588235,,9.18,0.304578633,,350.92,0.496357799,,,500.17,0.015587933,,0.314077381,,3.9,0.302325581,,6.85,0.227272727,,,0.2897505,0.5332026,
72.5,0,,3.6,0,0.043835616,0.321078431,,2.68,0.088918381,,72.5,0.102547419,,,491.7,0.015323963,,0.659553803,,8.4,0.651162791,,12.72,0.422030524,,,0.4695945,0.5329954,
221.59,2.1,,4.7,0.162790698,0.046575342,0.348039216,,4.89,0.162242867,,221.59,0.313427347,,,273.23,0.008515287,,0.300059435,,4.3,0.333333333,,6.14,0.203715992,,,0.4075959,0.5783707,
285.67,5.2,,3.9,0.403100775,0.049315068,0.328431373,,7.41,0.245852687,,285.67,0.404065121,,,213.64,0.006658148,,0.577272661,,7.3,0.565891473,,11.05,0.366622429,,,0.3328501,0.5191652,
301,5.1,,0.2,0.395348837,0.052054795,0.237745098,,9.58,0.317850033,,301,0.425748596,,,401.39,0.012509427,,0.293289651,,3.1,0.240310078,,7.1,0.235567352,,,0.4759609,0.5559905,
382.7,6.7,,1.1,0.519379845,0.054794521,0.259803922,,11.04,0.366290644,,382.7,0.541308929,,,145.62,0.004538287,,0.711711581,,8.7,0.674418605,,13.7,0.454545455,,,0.43029773,0.51862365,
210.4,2.2,,0.5,0.170542636,0.057534247,0.245098039,,9.85,0.326808228,,210.4,0.297599683,,,184.82,0.005759965,,0.512488584,,7.6,0.589147287,,10.24,0.339747843,,,0.5832036,0.5845139,
247.53,3.8,,3.6,0.294573643,0.060273973,0.321078431,,7.52,0.249502322,,247.53,0.350118106,,,62.96,0.001962165,,0.60903411,,8.5,0.658914729,,11,0.364963504,,,0.43948728,0.5459114,
415.59,5.3,,-5.2,0.410852713,0.063013699,0.105392157,,12.86,0.426675514,,415.59,0.587830097,,,365.67,0.011396204,,0.495759825,,8.3,0.643410853,,10.14,0.336429993,,,0.53326946,0.5922231,
529.27,8.4,,-9.4,0.651162791,0.065753425,0.00245098,,13.82,0.458526875,,529.27,0.74862445,,,391.08,0.012188114,,0.707536639,,9.3,0.720930233,,14.09,0.46748507,,,0.35638264,0.5974673,
488.11,7.7,,-8.7,0.596899225,0.068493151,0.019607843,,13.06,0.433311214,,488.11,0.690405805,,,477.16,0.01487082,,0.429091225,,5.5,0.426356589,,10.18,0.337757133,,,0.39976418,0.64729756,
554.02,6.8,,-9.1,0.527131783,0.071232877,0.009803922,,14.41,0.47810219,,554.02,0.783632017,,,426.65,0.013296662,,0.743168607,,9.1,0.705426357,,14.19,0.47080292,,,0.47525886,0.59900236,
510.21,9.1,,-7.3,0.705426357,0.073972603,0.053921569,,13.95,0.46284008,,510.21,0.721665087,,,532.12,0.016583663,,0.725251149,,9.4,0.728682171,,14.29,0.47412077,,,0.54193985,0.6451257,
452.76,7.2,,-3.2,0.558139535,0.076712329,0.154411765,,12.76,0.423357664,,452.76,0.640405098,,,500.52,0.015598841,,0.633503907,,7.8,0.604651163,,12.47,0.413735899,,,0.4892607,0.6421817,
456.4,7,,-5.4,0.542635659,0.079452055,0.100490196,,12.54,0.416058394,,456.4,0.645553685,,,38.49,0.001199551,,0.740689735,,9.3,0.720930233,,14.43,0.47876576,,,0.4358056,0.64351034,
440.77,7.4,,-4.5,0.573643411,0.082191781,0.12254902,,13.25,0.439615129,,440.77,0.623445876,,,414.9,0.01293047,,0.446443327,,3.9,0.302325581,,10.86,0.360318514,,,0.6123286,0.6700489,
261.9,3,,-0.4,0.23255814,0.084931507,0.223039216,,9,0.298606503,,261.9,0.370443712,,,530.02,0.016518216,,0.250655959,,2.6,0.201550388,,2.35,0.077969476,,,0.55036557,0.6360042,
530.64,9.5,,-2.1,0.736434109,0.087671233,0.181372549,,15.27,0.5066357,,530.64,0.750562243,,,462.87,0.014425468,,0.508661554,,4.4,0.341085271,,10.41,0.345388188,,,0.5095009,0.57096744,
454.28,8.5,,-3,0.658914729,0.090410959,0.159313725,,12.91,0.428334439,,454.28,0.642555057,,,568.65,0.01772213,,0.47234826,,4,0.310077519,,10.56,0.350364964,,,0.507647,0.5694103,
320.38,2.1,,-3.9,0.162790698,0.093150685,0.137254902,,13.65,0.45288653,,320.38,0.453160582,,,418.15,0.013031757,,0.024107389,,0,0,,0.49,0.016257465,,,0.53328997,0.53521734,
40.37,4.8,,-6.2,0.372093023,0.095890411,0.080882353,,14.8,0.491041805,,40.37,0.057101232,,,183.63,0.005722878,,0.716495368,,8.4,0.651162791,,14.53,0.48208361,,,0.2027207,0.40875185,
221.24,2.6,,-6.5,0.201550388,0.098630137,0.073529412,,12.43,0.412408759,,221.24,0.31293229,,,40.23,0.001253779,,0.663264862,,8.1,0.627906977,,14.35,0.47611148,,,0.78399295,0.5311959,
466.38,4.1,,-6.7,0.317829457,0.101369863,0.068627451,,14.2,0.471134705,,466.38,0.659669868,,,518.58,0.016161685,,0.475001087,,6,0.465116279,,10.57,0.350696749,,,0.7072675,0.54262197,
359.79,9.4,,-7,0.728682171,0.104109589,0.06127451,,16,0.530856005,,359.79,0.508903945,,,425.97,0.01327547,,0.533261818,,6.1,0.472868217,,11.29,0.374585269,,,0.6311369,0.5270194,
519.19,9.5,,-3.9,0.736434109,0.106849315,0.137254902,,14.81,0.49137359,,519.19,0.734366823,,,242.32,0.007551968,,0.674803937,,7.8,0.604651163,,12.62,0.418712674,,,0.4516533,0.5799973,
362.87,4.3,,1.9,0.333333333,0.109589041,0.279411765,,13.19,0.437624419,,362.87,0.513260442,,,301.08,0.009383239,,0.782410159,,8.7,0.674418605,,15.4,0.510948905,,,0.5437104,0.63319814,
303.69,4.3,,0.4,0.333333333,0.112328767,0.242647059,,9.7,0.321831453,,303.69,0.429553459,,,260.68,0.008124162,,0.396271545,,2.5,0.19379845,,10.02,0.332448573,,,0.43602464,0.6346231,
257.69,4.2,,-1.9,0.325581395,0.115068493,0.18627451,,11.06,0.366954214,,257.69,0.36448889,,,359.14,0.011192695,,0.759245031,,9.2,0.713178295,,15.6,0.517584605,,,0.48636383,0.58206934,
291.11,3.5,,-3,0.271317829,0.117808219,0.159313725,,11.23,0.372594559,,291.11,0.411759714,,,562.73,0.017537632,,0.556513924,,6.7,0.519379845,,13.13,0.435633709,,,0.62243307,0.6522175,
553.43,8.1,,0.5,0.627906977,0.120547945,0.245098039,,17.81,0.590909091,,553.43,0.782797494,,,352.65,0.010990432,,0.704318455,,9.4,0.728682171,,14.78,0.490378235,,,0.43267724,0.61616987,
358.46,5.1,,5.3,0.395348837,0.123287671,0.362745098,,11.02,0.365627074,,358.46,0.50702273,,,555.86,0.017323527,,0.676601482,,9,0.697674419,,15.84,0.525547445,,,0.69716525,0.6497075,
481.67,7.7,,0.5,0.596899225,0.126027397,0.245098039,,14.07,0.4668215,,481.67,0.681296765,,,510.96,0.015924206,,0.296928229,,0.6,0.046511628,,8.39,0.278367618,,,0.67229,0.650934,
423.12,7.5,,0.1,0.581395349,0.128767123,0.235294118,,13.38,0.443928334,,423.12,0.598480884,,,412.05,0.012841649,,0.5854051,,6.4,0.496124031,,10.91,0.361977439,,,0.53451025,0.6044577,
596.61,8.9,,-0.8,0.689922481,0.131506849,0.213235294,,17.15,0.569011281,,596.61,0.843873322,,,486.79,0.015170942,,0.851456156,,10.4,0.80620155,,17.92,0.594558726,,,0.61646396,0.62035793,
303.4,3.1,,0.5,0.240310078,0.134246575,0.245098039,,10.27,0.340743198,,303.4,0.429143269,,,591.5,0.018434257,,0.311120131,,0.7,0.054263566,,8.67,0.287657598,,,0.55644727,0.6380209,
382.22,5.5,,1.9,0.426356589,0.136986301,0.279411765,,12.85,0.426343729,,382.22,0.540629995,,,335.94,0.010469661,,0.126161518,,0.1,0.007751938,,1.91,0.063370936,,,0.36497474,0.54438114,
365.95,5.9,,1.9,0.457364341,0.139726027,0.279411765,,13.1,0.434638354,,365.95,0.517616939,,,521.37,0.016248637,,0.523447806,,5.6,0.434108527,,10.47,0.347378898,,,0.25619403,0.5038317,
392.58,4.8,,0.5,0.372093023,0.142465753,0.245098039,,13.13,0.435633709,,392.58,0.555283667,,,585.84,0.018257861,,0.724120435,,8.9,0.689922481,,16.9,0.560716656,,,0.59016997,0.5520541,
571.75,9.5,,0.7,0.736434109,0.145205479,0.25,,15.72,0.521566025,,571.75,0.808710166,,,27.8,0.000866394,,0.483872838,,5.4,0.418604651,,12.32,0.408759124,,,0.8659298,0.56016976,
289.45,4.8,,5.9,0.372093023,0.147945205,0.37745098,,10.09,0.334771068,,289.45,0.409411731,,,607.63,0.018936953,,0.722627314,,9.7,0.751937984,,16.07,0.5331785,,,0.37842923,0.504676,
324.53,2.9,,3.6,0.224806202,0.150684932,0.321078431,,12.6,0.418049104,,324.53,0.459030538,,,624.6,0.019465827,,0.821608222,,10.3,0.798449612,,17.64,0.585268746,,,0.6332109,0.6075415,
356.16,5.1,,2.1,0.395348837,0.153424658,0.284313725,,12.52,0.415394824,,356.16,0.503769502,,,621.48,0.019368592,,0.469695432,,5.9,0.457364341,,15.3,0.507631055,,,0.628348,0.6752747,
595.41,10.3,,1.8,0.798449612,0.156164384,0.276960784,,18.86,0.625746516,,595.41,0.842175986,,,553.64,0.01725434,,0.783439398,,9.3,0.720930233,,17.37,0.576310551,,,0.42793298,0.6528541,
453.45,9.5,,5.2,0.736434109,0.15890411,0.360294118,,15.16,0.502986065,,453.45,0.641381066,,,612.13,0.019077196,,0.134076512,,0.1,0.007751938,,4,0.132714001,,,0.70177996,0.69710106,
44.14,0,,5,0,0.161643836,0.355392157,,2.14,0.071001991,,44.14,0.062433698,,,591.5,0.018434257,,0.481799864,,7.4,0.573643411,,13.88,0.460517585,,,0.5619983,0.5801485,
507.5,6.5,,1.8,0.503875969,0.164383562,0.276960784,,17.79,0.590245521,,507.5,0.717831935,,,315.88,0.009844485,,0.702810837,,7.7,0.596899225,,17.4,0.577305906,,,0.6109825,0.62913764,
637.99,10.6,,0.5,0.821705426,0.167123288,0.245098039,,19.78,0.656270737,,637.99,0.902403146,,,601.7,0.018752143,,0.603409536,,6.2,0.480620155,,15.67,0.5199071,,,0.47386768,0.6005641,
566.16,9.5,,8,0.736434109,0.169863014,0.428921569,,18.35,0.608825481,,566.16,0.800803406,,,610.87,0.019037928,,0.379673253,,2.2,0.170542636,,10.44,0.346383543,,,0.64476776,0.5836852,
425,5,,14.4,0.387596899,0.17260274,0.585784314,,15.33,0.50862641,,425,0.601140044,,,618.64,0.019280082,,0.631822333,,7.2,0.558139535,,15.28,0.506967485,,,0.383328,0.552149,
344.6,2.7,,7.6,0.209302326,0.175342466,0.419117647,,8.38,0.278035833,,344.6,0.487418492,,,434.88,0.013553152,,0.381282345,,1.5,0.11627907,,10.63,0.352687459,,,0.47714868,0.6269186,
653.71,10.5,,4.6,0.813953488,0.178082192,0.345588235,,20.97,0.695753152,,653.71,0.924638255,,,687.03,0.021411475,,0.629662381,,8.5,0.658914729,,13.9,0.461181155,,,0.46859747,0.5613971,
234.15,0.1,,6.1,0.007751938,0.180821918,0.382352941,,9.75,0.323490378,,234.15,0.331192803,,,443.67,0.013827095,,0.789266921,,10.1,0.782945736,,11.63,0.385865959,,,0.66469556,0.5896573,
147.82,0.1,,2.6,0.007751938,0.183561644,0.296568627,,3.59,0.119110816,,147.82,0.20908358,,,333.92,0.010406707,,0.927315426,,10.7,0.829457364,,21.02,0.697412077,,,0.60573643,0.59197617,
175.94,1.5,,2.9,0.11627907,0.18630137,0.303921569,,6.66,0.220968812,,175.94,0.248857834,,,624.44,0.019460841,,0.699273734,,8.4,0.651162791,,16.66,0.552753816,,,0.55493784,0.6797396,
619.91,10.4,,2.9,0.80620155,0.189041096,0.303921569,,20.04,0.664897147,,619.91,0.876829941,,,644.52,0.020086639,,0.217488367,,0.4,0.031007752,,4.25,0.141008626,,,0.6451828,0.68067706,
511.92,7.9,,5.1,0.612403101,0.191780822,0.357843137,,19.08,0.633045786,,511.92,0.724083792,,,587.74,0.018317075,,0.229563806,,0.9,0.069767442,,8.26,0.274054413,,,0.5489204,0.60537803,
539.54,9.5,,6.9,0.736434109,0.194520548,0.401960784,,19.12,0.634372926,,539.54,0.763150823,,,476.11,0.014838096,,0.424061001,,5.7,0.441860465,,12.93,0.428998009,,,0.55093247,0.61283594,
622.87,10.8,,13.3,0.837209302,0.197260274,0.558823529,,19.4,0.643662906,,622.87,0.881016705,,,539.65,0.016818338,,0.902599191,,7.9,0.612403101,,20.19,0.669873922,,,0.6875883,0.567168,
581.27,10.6,,16.7,0.821705426,0.2,0.642156863,,18.45,0.612143331,,581.27,0.822175703,,,679.5,0.021176801,,0.869895481,,10.7,0.829457364,,20.62,0.684140677,,,0.8468462,0.56029576,
35.77,0,,11.6,0,0.202739726,0.517156863,,1.56,0.051758461,,35.77,0.050594775,,,644.73,0.020093184,,0.51791021,,5.5,0.426356589,,10.61,0.352023889,,,0.7118629,0.59911215,
602.79,4.9,,7.5,0.379844961,0.205479452,0.416666667,,12.41,0.411745189,,602.79,0.852614606,,,519.87,0.016201889,,0.819375788,,9.2,0.713178295,,19.87,0.659256802,,,0.48548418,0.59992665,
578.79,10.2,,5.9,0.790697674,0.208219178,0.37745098,,20.84,0.691439947,,578.79,0.818667874,,,620.51,0.019338361,,0.915964803,,11.1,0.860465116,,19.61,0.650630392,,,0.6248802,0.7262264,
110.65,0,,6.7,0,0.210958904,0.397058824,,5.4,0.179163902,,110.65,0.156508579,,,488.02,0.015209275,,0.651986721,,6.7,0.519379845,,16.77,0.556403451,,,0.68930465,0.745169,
96.63,0,,9.8,0,0.21369863,0.473039216,,4.01,0.133045786,,96.63,0.136678029,,,573.42,0.017870789,,0.72761405,,10.5,0.813953488,,18.91,0.627405441,,,0.49240473,0.6860507,
315.99,0.3,,7.6,0.023255814,0.216438356,0.419117647,,13.15,0.436297279,,315.99,0.446951159,,,131.14,0.004087013,,0.153110187,,0,0,,5.16,0.171201062,,,0.62641364,0.7336414,
88.7,0,,1.2,0,0.219178082,0.262254902,,5.75,0.190776377,,88.7,0.125461463,,,668.67,0.020839281,,0.257846136,,0.5,0.03875969,,7.41,0.245852687,,,0.600807,0.6184419,
642.72,10.9,,4.1,0.84496124,0.221917808,0.333333333,,22.64,0.751161248,,642.72,0.909093481,,,477.39,0.014877988,,0.971152313,,10.1,0.782945736,,21.39,0.709688122,,,0.43254212,0.6013839,
640.06,10.1,,5,0.782945736,0.224657534,0.355392157,,22.44,0.744525547,,640.06,0.905331051,,,461.65,0.014387447,,0.750068858,,9.6,0.744186047,,17.81,0.590909091,,,0.4666996,0.63698566,
475.86,7.9,,7.2,0.612403101,0.22739726,0.409313725,,17.87,0.592899801,,475.86,0.673078827,,,449.01,0.013993518,,0.991548642,,11.4,0.88372093,,24.45,0.811214333,,,0.65282744,0.5720902,
486.8,7,,7,0.542635659,0.230136986,0.404411765,,22.29,0.739548772,,486.8,0.688552879,,,276.97,0.008631845,,0.718568343,,8.4,0.651162791,,18.56,0.615792966,,,0.8864707,0.66740495,
553.69,7.7,,9.5,0.596899225,0.232876712,0.465686275,,22.31,0.740212342,,553.69,0.78316525,,,481.35,0.015001402,,0.795848252,,8.3,0.643410853,,20.41,0.677173192,,,0.8145896,0.72246134,
515.11,9.3,,13,0.720930233,0.235616438,0.551470588,,21.87,0.725613802,,515.11,0.728595878,,,431.75,0.013455605,,0.761665918,,9.2,0.713178295,,20.04,0.664897147,,,0.5940348,0.77211994,
509.84,10.7,,14.6,0.829457364,0.238356164,0.590686275,,22.45,0.744857332,,509.84,0.721141742,,,439.13,0.013685605,,0.653856747,,6.1,0.472868217,,16,0.530856005,,,0.76491976,0.76431197,
309.07,1.9,,12.5,0.147286822,0.24109589,0.539215686,,15.16,0.502986065,,309.07,0.437163185,,,417.22,0.013002774,,0.788658075,,7.5,0.581395349,,19.96,0.662242867,,,0.6911535,0.71922463,
483.04,7.8,,11.7,0.604651163,0.243835616,0.519607843,,19.81,0.657266092,,483.04,0.683234558,,,635.09,0.019792751,,0.465868402,,6.3,0.488372093,,9.17,0.304246848,,,0.5529701,0.7303624,
554.3,10,,13.5,0.775193798,0.246575342,0.56372549,,20.87,0.692435302,,554.3,0.784028063,,,395.64,0.012330227,,0.920212226,,10.3,0.798449612,,22.52,0.747179827,,,0.6602243,0.65367436,
273.41,2.7,,16.1,0.209302326,0.249315068,0.62745098,,9.45,0.313536828,,273.41,0.386723999,,,552.63,0.017222863,,0.954858443,,11,0.852713178,,23.77,0.788652953,,,0.5859773,0.71836364,
531.02,10.6,,17.6,0.821705426,0.252054795,0.664215686,,22.95,0.761446583,,531.02,0.751099733,,,659.96,0.020567831,,0.96860096,,11.3,0.875968992,,25.09,0.832448573,,,0.6338737,0.7409813,
509.91,7.5,,18.5,0.581395349,0.254794521,0.68627451,,17.4,0.577305906,,509.91,0.721240753,,,666.32,0.020766042,,0.977965586,,11.8,0.914728682,,25.7,0.852687459,,,0.61184305,0.7503855,
141.85,0,,12.7,0,0.257534247,0.544117647,,4.41,0.146317186,,141.85,0.20063933,,,590.7,0.018409325,,0.957525767,,11.7,0.906976744,,24.91,0.826476443,,,0.86358297,0.80874836,
75.92,0,,10.9,0,0.260273973,0.5,,2.83,0.093895156,,75.92,0.107384829,,,66.08,0.002059401,,0.603366047,,9,0.697674419,,13.38,0.443928334,,,0.76403016,0.84548914,
433.97,2.5,,7.3,0.19379845,0.263013699,0.411764706,,18.08,0.599867286,,433.97,0.613827635,,,140.88,0.004390563,,0.763651914,,9.6,0.744186047,,21.82,0.723954877,,,0.7272831,0.78661406,
403.8,7.7,,5.6,0.596899225,0.265753425,0.370098039,,23.14,0.767750498,,403.8,0.571153765,,,563.38,0.017557889,,0.481075047,,3,0.23255814,,13.5,0.447909754,,,0.6018525,0.81468844,
551.48,10.5,,8.7,0.813953488,0.268493151,0.446078431,,21.49,0.713005972,,551.48,0.780039322,,,548.28,0.017087294,,0.828450488,,10.3,0.798449612,,22.67,0.752156603,,,0.7838065,0.72477317,
590.82,9.4,,11.2,0.728682171,0.271232877,0.507352941,,24.21,0.803251493,,590.82,0.835683673,,,542.37,0.016903107,,0.380832959,,3.9,0.302325581,,11.17,0.370603849,,,0.5883662,0.7294241,
559.74,9.8,,17.3,0.759689922,0.273972603,0.656862745,,22.94,0.761114798,,559.74,0.791722655,,,551.36,0.017183283,,0.209892292,,0,0,,5.67,0.188122097,,,0.47618723,0.6214638,
665.71,10.9,,13.1,0.84496124,0.276712329,0.553921569,,25.44,0.844061048,,665.71,0.941611621,,,543.01,0.016923053,,0.562921299,,4,0.310077519,,16.2,0.537491705,,,0.2290126,0.57333124,
529.26,8.7,,11.1,0.674418605,0.279452055,0.504901961,,21.89,0.726277372,,529.26,0.748610306,,,662.75,0.020654782,,0.939941725,,11.9,0.92248062,,25.75,0.854346384,,,0.5936358,0.60413367,
215.68,0.1,,13.5,0.007751938,0.282191781,0.56372549,,9.64,0.319840743,,215.68,0.305067964,,,582.94,0.018167482,,0.885435542,,10.8,0.837209302,,24.54,0.814200398,,,0.9551483,0.63533586,
62.23,0,,8.6,0,0.284931507,0.443627451,,2.15,0.071333776,,62.23,0.088021047,,,403.5,0.012575186,,0.356435644,,2.4,0.186046512,,9.06,0.300597213,,,0.58570087,0.62428343,
617.13,10,,8.5,0.775193798,0.287671233,0.441176471,,22.38,0.742534837,,617.13,0.872897778,,,654.14,0.020386449,,0.953655248,,12.1,0.937984496,,26.58,0.881884539,,,0.3857704,0.61630887,
625.86,10.4,,9.3,0.80620155,0.290410959,0.460784314,,24.78,0.822163238,,625.86,0.885245902,,,570.43,0.017777605,,0.752924634,,8.7,0.674418605,,21.27,0.705706702,,,0.81360453,0.7927931,
633.22,10.9,,11.5,0.84496124,0.293150685,0.514705882,,25.2,0.836098208,,633.22,0.895656233,,,86.43,0.002693614,,0.886928664,,9.6,0.744186047,,25.01,0.829794293,,,0.5464702,0.736246,
685.06,11.9,,10.5,0.92248062,0.295890411,0.490196078,,27.61,0.916058394,,685.06,0.968981174,,,382.38,0.011916976,,0.853761072,,11.4,0.88372093,,24.49,0.812541473,,,0.6940474,0.7407839,
659.3,12,,11.8,0.930232558,0.298630137,0.522058824,,25.21,0.836429993,,659.3,0.932545015,,,645.25,0.02010939,,0.387718713,,2.6,0.201550388,,13.04,0.432647644,,,0.954593,0.77677256,
619.97,11.8,,14.5,0.914728682,0.301369863,0.588235294,,25.39,0.842402123,,619.97,0.876914808,,,114.15,0.003557516,,0.786715568,,8,0.620155039,,22.96,0.761778368,,,0.6008136,0.7086199,
641.07,11,,16,0.852713178,0.304109589,0.625,,26.03,0.863636364,,641.07,0.906759643,,,530.35,0.016528501,,0.600191351,,4.2,0.325581395,,13.82,0.458526875,,,0.6252413,0.770325,
268.46,0.8,,18.8,0.062015504,0.306849315,0.693627451,,10.55,0.350033179,,268.46,0.379722485,,,601.14,0.01873469,,0.858878274,,8.5,0.658914729,,14.96,0.496350365,,,0.6006109,0.6738086,
62.14,0,,15.2,0,0.309589041,0.605392157,,2.33,0.077305906,,62.14,0.087893747,,,667.2,0.020793468,,0.221431367,,0,0,,6.59,0.218646317,,,0.78631485,0.669433,
176.09,0,,13.1,0,0.312328767,0.553921569,,5.85,0.194094227,,176.09,0.249070001,,,675.49,0.021051828,,0.422277953,,3.6,0.279069767,,7.56,0.250829463,,,0.42996654,0.5724105,
685.82,11.3,,13.3,0.875968992,0.315068493,0.558823529,,26.93,0.893497014,,685.82,0.970056154,,,409.05,0.012748153,,0.119942595,,0.1,0.007751938,,2.86,0.094890511,,,0.6938868,0.589022,
553.41,9,,12.9,0.697674419,0.317808219,0.549019608,,21.09,0.699734572,,553.41,0.782769205,,,605.99,0.018885842,,0.118434977,,0,0,,2.86,0.094890511,,,0.5405759,0.47527573,
583.37,10.2,,13.3,0.790697674,0.320547945,0.558823529,,24.6,0.816191108,,583.37,0.825146042,,,700.53,0.021832206,,0.854282939,,9.2,0.713178295,,25.5,0.846051758,,,0.16456574,0.4342986,
613.72,8.9,,13.2,0.689922481,0.323287671,0.556372549,,27.98,0.928334439,,613.72,0.868074513,,,646.42,0.020145853,,0.703477668,,4.5,0.348837209,,14.95,0.49601858,,,0.65790147,0.52301145,
656.18,11.4,,13.7,0.88372093,0.326027397,0.568627451,,27.85,0.924021234,,656.18,0.92813194,,,642.5,0.020023686,,0.115419741,,0,0,,3.04,0.100862641,,,0.84302324,0.49404916,
468.84,7.1,,18.3,0.550387597,0.328767123,0.681372549,,18.87,0.626078301,,468.84,0.663149408,,,589.69,0.018377848,,0.609222562,,4.3,0.333333333,,23.12,0.767086928,,,0.64049286,0.4462424,
428.05,4.7,,19.2,0.364341085,0.331506849,0.703431373,,20.63,0.684472462,,428.05,0.605454108,,,620.3,0.019331817,,0.810677993,,9.1,0.705426357,,24.14,0.800928998,,,0.7851755,0.62516904,
245.5,0.5,,15.6,0.03875969,0.334246575,0.615196078,,9.67,0.320836098,,245.5,0.347246779,,,508.83,0.015857824,,0.979661656,,12.4,0.96124031,,29.15,0.967153285,,,0.8790647,0.64387137,
490.07,7.1,,11.7,0.550387597,0.336986301,0.519607843,,19.16,0.635700066,,490.07,0.693178121,,,617.26,0.019237074,,0.931620834,,12.3,0.953488372,,28.62,0.949568679,,,0.84129107,0.65480965,
706.99,12.4,,14.4,0.96124031,0.339726027,0.585784314,,29.81,0.989051095,,706.99,1,,,459.94,0.014334154,,0.771030544,,10,0.775193798,,23.96,0.794956868,,,0.93857366,0.7543601,
533.05,8.4,,18.8,0.651162791,0.342465753,0.693627451,,22.96,0.761778368,,533.05,0.75397106,,,352.39,0.010982329,,0.901367003,,11.6,0.899224806,,27.2,0.902455209,,,0.7449733,0.80302846,
60.91,0,,16.1,0,0.345205479,0.62745098,,2.72,0.090245521,,60.91,0.086153977,,,619.16,0.019296288,,1,,12.7,0.984496124,,30.19,1.001658925,,,0.81995976,0.8597992,
264.53,1.7,,17.2,0.131782946,0.347945205,0.654411765,,11.54,0.382879894,,264.53,0.374163708,,,641.57,0.019994702,,0.832451474,,12.8,0.992248062,,29.93,0.993032515,,,0.83408755,0.8737106,
538.26,6.8,,16.4,0.527131783,0.350684932,0.634803922,,22.48,0.745852687,,538.26,0.76134033,,,357.59,0.011144389,,0.734253367,,8.9,0.689922481,,21.24,0.704711347,,,0.70963293,0.8505865,
662.31,10.1,,14.3,0.782945736,0.353424658,0.583333333,,28.79,0.955209025,,662.31,0.936802501,,,193.08,0.00601739,,0.931316411,,12.4,0.96124031,,28.36,0.940942269,,,0.753527,0.82141745,
580.73,9.2,,13.7,0.713178295,0.356164384,0.568627451,,25.69,0.852355674,,580.73,0.821411901,,,352.05,0.010971733,,0.908557181,,10.9,0.84496124,,28.5,0.945587259,,,0.7797182,0.87553483,
592.52,7.2,,16.3,0.558139535,0.35890411,0.632352941,,27.07,0.898142004,,592.52,0.838088233,,,535.17,0.016678717,,0.918690112,,12.6,0.976744186,,27.92,0.926343729,,,0.7419444,0.8539232,
59.58,0,,17.5,0,0.361643836,0.661764706,,3.05,0.101194426,,59.58,0.084272762,,,203.2,0.006332783,,0.844657379,,11.6,0.899224806,,25.96,0.861313869,,,0.69490796,0.8345033,
341.42,4.1,,13.9,0.317829457,0.364383562,0.573529412,,16.33,0.54180491,,341.42,0.482920551,,,464.05,0.014462243,,0.74205239,,8.6,0.666666667,,24.65,0.817850033,,,0.8911482,0.8403621,
545.07,8.9,,18.1,0.689922481,0.367123288,0.676470588,,26.37,0.874917054,,545.07,0.770972715,,,662.38,0.020643251,,0.882652248,,11,0.852713178,,27.91,0.926011944,,,0.7327104,0.8400244,
429.06,5.4,,23.3,0.418604651,0.369863014,0.803921569,,19.99,0.663238222,,429.06,0.6068827,,,679.75,0.021184592,,0.875056173,,11.6,0.899224806,,27.7,0.919044459,,,0.7814421,0.8505847,
323.98,2.3,,25.2,0.178294574,0.37260274,0.850490196,,7.58,0.251493033,,323.98,0.458252592,,,580.77,0.018099854,,0.819680211,,9.6,0.744186047,,25.11,0.833112143,,,0.74964523,0.8261483,
234.91,0.8,,24.8,0.062015504,0.375342466,0.840686275,,13.92,0.461844725,,234.91,0.332267783,,,643.16,0.020044255,,0.510212661,,5.6,0.434108527,,17.7,0.587259456,,,0.6905844,0.81122315,
121.87,0,,18.6,0,0.378082192,0.68872549,,3.18,0.105507631,,121.87,0.172378676,,,602.24,0.018768972,,0.389443776,,0.2,0.015503876,,13.89,0.46084937,,,0.62732595,0.7646499,
323.28,2.9,,17.5,0.224806202,0.380821918,0.661764706,,15.37,0.50995355,,323.28,0.457262479,,,637.45,0.019866301,,0.381282345,,0.8,0.062015504,,12.24,0.406104844,,,0.44357848,0.70926607,
412.8,5.7,,17.5,0.441860465,0.383561644,0.661764706,,19.86,0.658925017,,412.8,0.583883789,,,538.9,0.016794964,,0.830900367,,9.2,0.713178295,,22.48,0.745852687,,,0.77020454,0.637422,
597.44,8.6,,17,0.666666667,0.38630137,0.649509804,,25.17,0.835102853,,597.44,0.845047313,,,623.86,0.019442765,,0.964860908,,12.9,1,,31.1,1.03185136,,,0.7760173,0.63561475,
323.27,2.6,,17.9,0.201550388,0.389041096,0.671568627,,17.76,0.589250166,,323.27,0.457248334,,,627.47,0.019555272,,0.793905745,,13,1.007751938,,31.12,1.03251493,,,0.7117505,0.66704357,
681.87,11,,16.4,0.852713178,0.391780822,0.634803922,,29.53,0.979761115,,681.87,0.964469087,,,385.37,0.01201016,,0.921082006,,12.7,0.984496124,,30.22,1.00265428,,,0.5957793,0.72259086,
653.61,12.8,,18.1,0.992248062,0.394520548,0.676470588,,30.14,1,,653.61,0.92449681,,,487.87,0.0152046,,0.852137483,,12.5,0.968992248,,27.66,0.917717319,,,0.9072793,0.82161415,
455.42,5.1,,18.8,0.395348837,0.397260274,0.693627451,,22.8,0.756469808,,455.42,0.644167527,,,656.34,0.020455013,,0.65372628,,6.5,0.503875969,,21.06,0.698739217,,,0.96547484,0.8750805,
629.2,12.7,,19.1,0.984496124,0.4,0.700980392,,29.47,0.977770405,,629.2,0.889970155,,,699.87,0.021811637,,0.802212139,,8.9,0.689922481,,26.64,0.883875249,,,0.7219495,0.8292194,
344.03,1.5,,18.7,0.11627907,0.402739726,0.691176471,,16.24,0.538818845,,344.03,0.486612258,,,658.31,0.020516409,,0.085847238,,0,0,,2.42,0.080291971,,,0.6218724,0.837349,
584.99,9.4,,20.5,0.728682171,0.405479452,0.735294118,,23.22,0.770404778,,584.99,0.827437446,,,594.05,0.018513728,,0.713436644,,8.5,0.658914729,,18.94,0.628400796,,,0.64943355,0.64287883,
552.01,10.3,,20.8,0.798449612,0.408219178,0.742647059,,25.66,0.851360319,,552.01,0.780788979,,,602.03,0.018762427,,0.990794834,,13,1.007751938,,30.67,1.017584605,,,0.7752148,0.6994856,
321.47,1.1,,19.6,0.085271318,0.410958904,0.713235294,,11.47,0.380557399,,321.47,0.45470233,,,474.36,0.014783557,,0.682095589,,5.8,0.449612403,,21.79,0.722959522,,,0.7827331,0.73372394,
627.62,11.3,,18,0.875968992,0.41369863,0.674019608,,28.37,0.941274054,,627.62,0.887735329,,,254.29,0.007925016,,0.971529217,,11.7,0.906976744,,27.01,0.896151294,,,0.38199928,0.6433891,
626.99,12.9,,20.6,1,0.416438356,0.737745098,,29.86,0.99071002,,626.99,0.886844227,,,342.56,0.010675975,,0.828595451,,11,0.852713178,,26.23,0.870272064,,,0.8502298,0.75768,
632.29,12.9,,21.6,1,0.419178082,0.762254902,,29.91,0.992368945,,632.29,0.894340797,,,666.5,0.020771652,,0.910311236,,12.9,1,,29.71,0.985733245,,,0.8279296,0.8075178,
282.66,10.5,,22.1,0.813953488,0.421917808,0.774509804,,27.51,0.912740544,,282.66,0.399807635,,,632.55,0.019713591,,0.925416407,,12.2,0.945736434,,28.85,0.957199735,,,0.6568469,0.8395549,
469.62,5.9,,21.5,0.457364341,0.424657534,0.759803922,,22.55,0.748175182,,469.62,0.664252677,,,663.31,0.020672235,,0.924155227,,12,0.930232558,,28.53,0.946582614,,,1.0063411,0.8477732,
442.98,5.5,,22.3,0.426356589,0.42739726,0.779411765,,17.59,0.583609821,,442.98,0.626571804,,,598.94,0.018666126,,0.894191322,,10.9,0.84496124,,28.62,0.949568679,,,0.773962,0.8702954,
533.72,7.2,,21.7,0.558139535,0.430136986,0.764705882,,25,0.829462508,,533.72,0.75491874,,,145.19,0.004524885,,0.37597669,,0.7,0.054263566,,12.57,0.417053749,,,0.85042036,0.8701202,
445.3,6.1,,20.4,0.472868217,0.432876712,0.732843137,,25.83,0.857000664,,445.3,0.629853322,,,94.01,0.002929847,,0.223286897,,0,0,,5.09,0.168878567,,,0.5697117,0.75542355,
356.14,4.6,,20.5,0.356589147,0.435616438,0.735294118,,17.45,0.578964831,,356.14,0.503741213,,,552.18,0.017208838,,0.797007958,,8.2,0.635658915,,21.39,0.709688122,,,0.5784551,0.6742669,
423.81,5.2,,22,0.403100775,0.438356164,0.772058824,,17.46,0.579296616,,423.81,0.599456852,,,622.84,0.019410976,,0.733456069,,8.3,0.643410853,,21.48,0.712674187,,,0.7905703,0.6953524,
433.34,3.2,,21.9,0.248062016,0.44109589,0.769607843,,18.14,0.601857996,,433.34,0.612936534,,,339.51,0.010580921,,0.28343215,,0.1,0.007751938,,7.76,0.257465163,,,0.7291471,0.61719316,
344.21,3.3,,21.5,0.255813953,0.443835616,0.759803922,,9.93,0.329462508,,344.21,0.486866858,,,640.91,0.019974133,,0.602438282,,5.2,0.403100775,,20.29,0.673191772,,,0.57569706,0.5113333,
546.07,8.1,,20,0.627906977,0.446575342,0.723039216,,18.02,0.597876576,,546.07,0.772387162,,,503.64,0.015696076,,0.868039952,,9.8,0.759689922,,23.39,0.776045123,,,0.7143501,0.64071035,
527.4,8.8,,21.6,0.682170543,0.449315068,0.762254902,,23.05,0.764764433,,527.4,0.745979434,,,497.5,0.015504722,,0.848064016,,10.9,0.84496124,,26.03,0.863636364,,,0.76573634,0.6806533,
577.91,8.5,,22.3,0.658914729,0.452054795,0.779411765,,25.34,0.840743198,,577.91,0.81742316,,,635.27,0.019798361,,0.395590218,,0.8,0.062015504,,11.03,0.365958859,,,0.58236426,0.6674816,
656.24,12.4,,22.6,0.96124031,0.454794521,0.786764706,,26.92,0.893165229,,656.24,0.928216806,,,598.57,0.018654595,,0.901642434,,10.9,0.84496124,,24.76,0.821499668,,,0.41460186,0.62783295,
625.81,8.9,,21.6,0.689922481,0.457534247,0.762254902,,29.31,0.972461845,,625.81,0.885175179,,,597.89,0.018633403,,0.860168447,,10.8,0.837209302,,25.65,0.851028534,,,0.7562902,0.7671897,
461.96,4.6,,21.7,0.356589147,0.460273973,0.764705882,,19.86,0.658925017,,461.96,0.653418012,,,578.56,0.018030978,,0.903121059,,11.7,0.906976744,,26.91,0.892833444,,,0.63038415,0.7485271,
596,10.5,,23.1,0.813953488,0.463013699,0.799019608,,27.03,0.896814864,,596,0.843010509,,,619.06,0.019293172,,0.609874897,,4.2,0.325581395,,14.18,0.470471135,,,0.7160135,0.7546682,
169.12,0,,20.7,0,0.465753425,0.740196078,,6.8,0.225613802,,169.12,0.239211304,,,580.8,0.018100788,,0.727034197,,7.8,0.604651163,,21.23,0.704379562,,,0.71253955,0.72004104,
554.17,6.6,,21.1,0.511627907,0.468493151,0.75,,21.83,0.724286662,,554.17,0.783844185,,,290.29,0.009046966,,0.74287868,,8.2,0.635658915,,26.26,0.871267419,,,0.50279886,0.7850974,
638.72,9.9,,21.7,0.76744186,0.471232877,0.764705882,,27.56,0.914399469,,638.72,0.903435692,,,584.31,0.018210179,,0.861965992,,10.3,0.798449612,,28.38,0.941605839,,,0.6254401,0.7609561,
531.66,7.8,,23.3,0.604651163,0.473972603,0.803921569,,24.07,0.798606503,,531.66,0.752004979,,,551.7,0.017193879,,0.821245814,,7.9,0.612403101,,18.31,0.607498341,,,0.61388266,0.74880296,
533.22,8.2,,23.6,0.635658915,0.476712329,0.81127451,,22.31,0.740212342,,533.22,0.754211516,,,555.38,0.017308567,,0.893104098,,9.7,0.751937984,,27.18,0.901791639,,,0.8581133,0.72720385,
602.8,11.7,,23.9,0.906976744,0.479452055,0.818627451,,27.41,0.909422694,,602.8,0.85262875,,,355.73,0.011086421,,0.951205369,,13.2,1.023255814,,28.77,0.954545455,,,0.53835887,0.802714,
522.17,8.4,,25.2,0.651162791,0.482191781,0.850490196,,24.05,0.797942933,,522.17,0.738581875,,,490.57,0.015288746,,0.933128452,,11.6,0.899224806,,26.42,0.876575979,,,0.84896123,0.82961094,
145.98,0,,25.7,0,0.484931507,0.862745098,,5.54,0.183808892,,145.98,0.206480997,,,232.25,0.007238134,,0.340054796,,0.1,0.007751938,,7.26,0.240875912,,,0.6770595,0.8078176,
466.99,4.8,,24.7,0.372093023,0.487671233,0.838235294,,18.44,0.611811546,,466.99,0.660532681,,,477.24,0.014873313,,0.566545381,,3,0.23255814,,14.27,0.4734572,,,0.54266363,0.7215709,
172.97,0.1,,23.9,0.007751938,0.490410959,0.818627451,,6.07,0.201393497,,172.97,0.244656926,,,530.3,0.016526942,,0.79976226,,6.6,0.511627907,,19.34,0.641672196,,,0.6219267,0.740559,
549.09,7.4,,24.2,0.573643411,0.493150685,0.825980392,,23.72,0.786994028,,549.09,0.776658793,,,424.2,0.013220307,,0.10682342,,0,0,,2.88,0.095554081,,,0.6951435,0.6954208,
171.83,0.4,,24.2,0.031007752,0.495890411,0.825980392,,7.53,0.249834107,,171.83,0.243044456,,,480.18,0.014964939,,0.607917893,,4,0.310077519,,16.69,0.553749171,,,0.31745836,0.49673498,
124.94,0,,21.6,0,0.498630137,0.762254902,,6.55,0.217319177,,124.94,0.176721029,,,243.92,0.007601833,,0.375034429,,1.5,0.11627907,,10.58,0.351028534,,,0.78188723,0.57162106,
208.64,0.8,,23.8,0.062015504,0.501369863,0.816176471,,7.45,0.247179827,,208.64,0.295110256,,,278.7,0.008685761,,0.915805343,,11.8,0.914728682,,27.15,0.900796284,,,0.36694717,0.5360261,
561.7,8.9,,26.7,0.689922481,0.504109589,0.887254902,,20.65,0.685136032,,561.7,0.794494972,,,198.8,0.006195656,,0.642825044,,5.9,0.457364341,,18.92,0.627737226,,,0.54566306,0.61420447,
430.93,6.6,,25.1,0.511627907,0.506849315,0.848039216,,23.95,0.794625083,,430.93,0.609527716,,,228.89,0.007133419,,0.822535987,,11.4,0.88372093,,25.62,0.850033179,,,0.6809597,0.5894144,
423.38,2.9,,25,0.224806202,0.509589041,0.845588235,,19.7,0.653616457,,423.38,0.59884864,,,447.33,0.01394116,,0.893770929,,12.5,0.968992248,,25.71,0.853019244,,,0.8425569,0.71065605,
179.98,0.1,,22.9,0.007751938,0.512328767,0.794117647,,5.76,0.191108162,,179.98,0.2545722,,,344.78,0.010745162,,0.929605845,,12.6,0.976744186,,29.95,0.993696085,,,0.95335317,0.7672834,
633.45,11.1,,23.9,0.860465116,0.515068493,0.818627451,,21.65,0.718314532,,633.45,0.895981556,,,284.25,0.008858728,,0.656669034,,7.6,0.589147287,,20.23,0.671201062,,,0.59624046,0.82116336,
501.42,2.3,,24.1,0.178294574,0.517808219,0.823529412,,16.61,0.551094891,,501.42,0.709232097,,,230.35,0.00717892,,0.869446095,,11.4,0.88372093,,24.04,0.797611148,,,0.74416625,0.78649336,
178.71,0.3,,23.7,0.023255814,0.520547945,0.81372549,,4.94,0.163901792,,178.71,0.252775853,,,407.91,0.012712625,,0.739312584,,10.6,0.821705426,,19.2,0.637027206,,,0.61655456,0.8291874,
404.75,5,,27.1,0.387596899,0.523287671,0.897058824,,19.66,0.652289317,,404.75,0.572497489,,,178.37,0.005558949,,0.216343157,,0,0,,5.5,0.182481752,,,0.72810453,0.79306644,
460.18,7.2,,28.3,0.558139535,0.526027397,0.926470588,,21.07,0.699071002,,460.18,0.650900296,,,365.25,0.011383115,,0.299537567,,0.8,0.062015504,,7.01,0.232581287,,,0.4113721,0.6595105,
558.27,10,,27.5,0.775193798,0.528767123,0.906862745,,25.05,0.831121433,,558.27,0.789643418,,,571.43,0.01780877,,0.700404447,,6.9,0.534883721,,19.67,0.652621102,,,0.5386665,0.63039106,
575.11,9.9,,28,0.76744186,0.531506849,0.919117647,,29,0.96217651,,575.11,0.813462708,,,577.69,0.018003864,,0.558920314,,2.8,0.217054264,,18.92,0.627737226,,,0.48840392,0.62636364,
603.66,9.8,,27.4,0.759689922,0.534246575,0.904411765,,27.26,0.904445919,,603.66,0.853845175,,,391.32,0.012195593,,0.811808706,,9.6,0.744186047,,26.38,0.875248839,,,0.65403366,0.5367028,
644.75,11.3,,27.7,0.875968992,0.536986301,0.911764706,,29.89,0.991705375,,644.75,0.911964809,,,205.17,0.006394178,,0.61412232,,3.5,0.271317829,,17,0.564034506,,,0.98132366,0.6090956,
627.7,12.6,,27.5,0.976744186,0.539726027,0.906862745,,27.29,0.905441274,,627.7,0.887848484,,,365.61,0.011394334,,0.801835235,,8.9,0.689922481,,18.6,0.617120106,,,0.7698522,0.6174077,
623.99,12.6,,27.7,0.976744186,0.542465753,0.911764706,,28.64,0.95023225,,623.99,0.882600885,,,194.29,0.0060551,,0.668034153,,5.9,0.457364341,,19.32,0.641008626,,,0.77450866,0.7027312,
610.92,11.6,,28.1,0.899224806,0.545205479,0.921568627,,24.39,0.809223623,,610.92,0.864114061,,,195.32,0.0060872,,0.61412232,,0.4,0.031007752,,13.06,0.433311214,,,0.66479886,0.6900277,
622.96,12,,27.5,0.930232558,0.547945205,0.906862745,,25.07,0.831785003,,622.96,0.881144005,,,442.62,0.013794372,,0.801835235,,1.6,0.124031008,,9.67,0.320836098,,,0.6981141,0.6566134,
616.84,12.6,,28.1,0.976744186,0.550684932,0.921568627,,27.73,0.920039814,,616.84,0.872487588,,,547.8,0.017072335,,0.212037748,,0,0,,6.63,0.219973457,,,0.7950745,0.6285984,
565.57,11.2,,29.1,0.868217054,0.553424658,0.946078431,,20.1,0.666887857,,565.57,0.799968882,,,484.58,0.015102066,,0.238783468,,0.4,0.031007752,,6.09,0.202057067,,,0.48421425,0.5405021,
515.67,6.4,,30.2,0.496124031,0.556164384,0.973039216,,21.93,0.727604512,,515.67,0.729387969,,,416.33,0.012975037,,0.771291478,,8.6,0.666666667,,21.12,0.700729927,,,0.4841665,0.48998946,
602.86,10.1,,30,0.782945736,0.55890411,0.968137255,,24.59,0.815859323,,602.86,0.852713617,,,245.53,0.007652009,,0.803661772,,10.8,0.837209302,,19.27,0.639349701,,,0.852578,0.56109786,
620.59,12.9,,29.8,1,0.561643836,0.963235294,,28.25,0.937292634,,620.59,0.877791765,,,296.02,0.009225543,,0.416030036,,0.6,0.046511628,,9.51,0.315527538,,,1.0247105,0.57693654,
475.19,10.6,,29.5,0.821705426,0.564383562,0.955882353,,23.34,0.774386198,,475.19,0.672131148,,,510.64,0.015914233,,0.353562472,,0.7,0.054263566,,9.89,0.328135368,,,0.7437925,0.52771693,
570.39,10.7,,29,0.829457364,0.567123288,0.943627451,,28.52,0.946250829,,570.39,0.806786517,,,513.82,0.016013339,,0.205282461,,0.6,0.046511628,,7.67,0.254479098,,,0.5039488,0.59862876,
599.48,10.6,,29.1,0.821705426,0.569863014,0.946078431,,27.24,0.903782349,,599.48,0.847932785,,,534.56,0.016659706,,0.287215691,,0.2,0.015503876,,8.47,0.281021898,,,0.723132,0.53829145,
587.25,9.3,,29.2,0.720930233,0.57260274,0.948529412,,22.74,0.754479098,,587.25,0.830634097,,,406.46,0.012667435,,0.324514736,,0.9,0.069767442,,8.93,0.296284008,,,0.53654104,0.4723964,
591.82,11.7,,30.7,0.906976744,0.575342466,0.985294118,,27.26,0.904445919,,591.82,0.83709812,,,572.35,0.017837442,,0.782395663,,10.5,0.813953488,,21.55,0.714996682,,,0.559771,0.4286958,
557.35,8.6,,30.5,0.666666667,0.578082192,0.980392157,,22.84,0.757796948,,557.35,0.788342126,,,357.45,0.011140026,,0.734978183,,10,0.775193798,,19.95,0.661911082,,,0.624813,0.5208995,
616.13,11.4,,29.9,0.88372093,0.580821918,0.965686275,,23.44,0.777704048,,616.13,0.871483331,,,84.05,0.002619441,,0.773190496,,9.6,0.744186047,,22.86,0.758460518,,,0.6324352,0.5533745,
611.1,12.7,,30.9,0.984496124,0.583561644,0.990196078,,27.43,0.910086264,,611.1,0.864368662,,,482.76,0.015045345,,0.823565226,,11.1,0.860465116,,24.01,0.796615793,,,0.6785394,0.6552014,
593.39,12.1,,31.3,0.937984496,0.58630137,1,,20.92,0.694094227,,593.39,0.839318802,,,560.48,0.01746751,,0.864386878,,11.6,0.899224806,,25.02,0.830126078,,,0.86278296,0.74641895,
593,11.7,,31,0.906976744,0.589041096,0.992647059,,27.79,0.922030524,,593,0.838767168,,,619.71,0.019313429,,0.757244539,,8.5,0.658914729,,18.7,0.620437956,,,0.69047165,0.7853129,
543.35,9.3,,29.6,0.720930233,0.591780822,0.958333333,,20.48,0.679495687,,543.35,0.768539866,,,605.4,0.018867454,,0.836177029,,9.6,0.744186047,,20.35,0.675182482,,,0.70567864,0.7699239,
568.76,9.4,,29.6,0.728682171,0.594520548,0.958333333,,20.68,0.686131387,,568.76,0.804480969,,,605.18,0.018860598,,0.818477016,,10.8,0.837209302,,20.81,0.690444592,,,0.6486523,0.7898965,
581.44,11.9,,29.6,0.92248062,0.597260274,0.958333333,,24.05,0.797942933,,581.44,0.822416159,,,571.46,0.017809705,,0.736181378,,9.5,0.736434109,,19.83,0.657929662,,,0.7006373,0.7833867,
568.77,8.5,,29.7,0.658914729,0.6,0.960784314,,21.15,0.701725282,,568.77,0.804495113,,,574.73,0.017911615,,0.692982329,,8.8,0.682170543,,20.85,0.691771732,,,0.5804012,0.7549176,
564.72,10.8,,30,0.837209302,0.602739726,0.968137255,,22.38,0.742534837,,564.72,0.798766602,,,326.12,0.010163618,,0.605598481,,4.8,0.372093023,,13.41,0.444923689,,,0.6686295,0.7566804,
569.02,11.6,,29.6,0.899224806,0.605479452,0.958333333,,23.6,0.783012608,,569.02,0.804848725,,,165.66,0.005162839,,0.832002087,,12.3,0.953488372,,17.87,0.592899801,,,0.7241592,0.71190673,
504.96,8.9,,29.3,0.689922481,0.608219178,0.950980392,,20.74,0.688122097,,504.96,0.71423924,,,554.63,0.017285193,,0.832060073,,11.8,0.914728682,,25.09,0.832448573,,,0.5193288,0.7355388,
514.51,7.4,,29,0.573643411,0.610958904,0.943627451,,18.29,0.606834771,,514.51,0.72774721,,,577.54,0.01799919,,0.660017686,,4.9,0.379844961,,20.28,0.672859987,,,0.6101015,0.7421022,
393.51,5.7,,29,0.441860465,0.61369863,0.943627451,,17.29,0.573656271,,393.51,0.556599103,,,437.39,0.013631377,,0.372888973,,2.2,0.170542636,,14.82,0.491705375,,,0.55714047,0.7153052,
550.1,11,,30.5,0.852713178,0.616438356,0.980392157,,26.83,0.890179164,,550.1,0.778087385,,,139.21,0.004338517,,0.758201296,,11.8,0.914728682,,20.09,0.666556072,,,0.4754143,0.67565536,
583.26,10.6,,30,0.821705426,0.619178082,0.968137255,,22.18,0.735899137,,583.26,0.824990452,,,171.73,0.005352012,,0.776669614,,9.7,0.751937984,,18.82,0.624419376,,,0.5976678,0.72653323,
576.73,12.2,,30.4,0.945736434,0.621917808,0.977941176,,25.95,0.860982084,,576.73,0.815754113,,,134.66,0.004196715,,0.441804503,,0.9,0.069767442,,7.73,0.256469808,,,0.57096106,0.6845767,
464.15,8.4,,30.2,0.651162791,0.624657534,0.973039216,,21.03,0.697743862,,464.15,0.656515651,,,380.2,0.011849035,,0.539756172,,5.4,0.418604651,,13.78,0.457199735,,,0.57338154,0.61785835,
606.24,11,,28.4,0.852713178,0.62739726,0.928921569,,26.47,0.878234904,,606.24,0.857494448,,,557.06,0.017360925,,0.678413522,,9.4,0.728682171,,19.54,0.648307896,,,0.53242666,0.64532894,
613.25,11.8,,26,0.914728682,0.630136986,0.870098039,,27.08,0.898473789,,613.25,0.867409723,,,455.72,0.014202637,,0.82311584,,9.4,0.728682171,,26.5,0.879230259,,,0.52012676,0.65485895,
601.7,11.7,,26.3,0.906976744,0.632876712,0.87745098,,25.35,0.841074983,,601.7,0.851072858,,,313.87,0.009781843,,0.882217358,,11.2,0.868217054,,24.45,0.811214333,,,0.53304213,0.6663184,
475.34,6.8,,27.9,0.527131783,0.635616438,0.916666667,,23.59,0.782680823,,475.34,0.672343315,,,334.33,0.010419485,,0.760622182,,9.1,0.705426357,,17.66,0.585932316,,,0.7988582,0.7103062,
294.36,1.7,,27.3,0.131782946,0.638356164,0.901960784,,18.12,0.601194426,,294.36,0.416356667,,,209.68,0.006534734,,0.51096647,,4.5,0.348837209,,14.58,0.483742535,,,0.7112034,0.725705,
531.71,10.4,,30.7,0.80620155,0.64109589,0.985294118,,22.69,0.752820173,,531.71,0.752075701,,,447.09,0.01393368,,0.654712031,,4.9,0.379844961,,17.27,0.572992701,,,0.4915049,0.7308856,
109.15,0,,26.8,0,0.643835616,0.889705882,,5.44,0.180491042,,109.15,0.154386908,,,513.29,0.015996821,,0.62769088,,6.7,0.519379845,,16.71,0.554412741,,,0.6271716,0.72826535,
226.17,1.2,,24.7,0.093023256,0.646575342,0.838235294,,6.5,0.215660252,,226.17,0.319905515,,,441.93,0.013772868,,0.501282925,,2.8,0.217054264,,12.5,0.414731254,,,0.6246231,0.66707605,
319.72,1,,25,0.07751938,0.649315068,0.845588235,,13.65,0.45288653,,319.72,0.452227047,,,497.17,0.015494437,,0.641897279,,5.8,0.449612403,,20.88,0.692767087,,,0.6512923,0.60316026,
96.35,0,,21.4,0,0.652054795,0.757352941,,4.31,0.142999336,,96.35,0.136281984,,,574.28,0.017897591,,0.826145572,,11.4,0.88372093,,24.51,0.813205043,,,0.588339,0.643246,
77.24,0,,24.6,0,0.654794521,0.835784314,,2.95,0.097876576,,77.24,0.109251899,,,606.65,0.018906411,,0.226925474,,0,0,,5.8,0.192435302,,,0.68284404,0.6770806,
339.78,3.4,,27.3,0.263565891,0.657534247,0.901960784,,11.47,0.380557399,,339.78,0.480600857,,,248.13,0.007733038,,0.353956772,,1.5,0.11627907,,9.16,0.303915063,,,0.33327276,0.5539762,
535.51,10.5,,27.7,0.813953488,0.660273973,0.911764706,,23.38,0.775713338,,535.51,0.7574506,,,621.74,0.019376695,,0.460707711,,2.3,0.178294574,,10.79,0.357996019,,,0.48212996,0.60486776,
170.43,1.7,,25.9,0.131782946,0.663013699,0.867647059,,7.22,0.239548772,,170.43,0.24106423,,,251.33,0.007832767,,0.784990505,,10.3,0.798449612,,23.18,0.769077638,,,0.33922055,0.5725731,
203.77,0.5,,23.4,0.03875969,0.665753425,0.806372549,,4.98,0.165228932,,203.77,0.288221898,,,585.32,0.018241655,,0.734340345,,11.6,0.899224806,,21.27,0.705706702,,,0.61157566,0.5861591,
579.51,9.2,,25.4,0.713178295,0.668493151,0.855392157,,24.26,0.804910418,,579.51,0.819686276,,,623.9,0.019444012,,0.5712016,,4.4,0.341085271,,14.05,0.46615793,,,0.55291337,0.5857294,
373.84,3.5,,24.8,0.271317829,0.671232877,0.840686275,,10.26,0.340411413,,373.84,0.528776928,,,452.16,0.014091688,,0.282069495,,0,0,,5.91,0.196084937,,,0.57227886,0.6194841,
289.75,1.7,,25.5,0.131782946,0.673972603,0.857843137,,10.75,0.356668879,,289.75,0.409836066,,,573.52,0.017873905,,0.239783715,,0,0,,7.65,0.253815528,,,0.43183655,0.62295127,
608.04,10.1,,23.9,0.782945736,0.676712329,0.818627451,,21.82,0.723954877,,608.04,0.860040453,,,490.75,0.015294356,,0.331733905,,1.8,0.139534884,,9.68,0.321167883,,,0.7167893,0.5746417,
599.51,11.2,,23.9,0.868217054,0.679452055,0.818627451,,23.43,0.777372263,,599.51,0.847975219,,,81.85,0.002550877,,0.291463114,,1.1,0.085271318,,6.92,0.229595222,,,0.7675949,0.50286025,
274.54,0.4,,23,0.031007752,0.682191781,0.796568627,,11.36,0.376907764,,274.54,0.388322324,,,132.21,0.00412036,,0.293391125,,0.6,0.046511628,,9.41,0.312209688,,,0.6154363,0.4224148,
305.56,1.6,,21.7,0.124031008,0.684931507,0.764705882,,10.62,0.352355674,,305.56,0.432198475,,,476.95,0.014864275,,0.387225838,,2.8,0.217054264,,10.18,0.337757133,,,0.47336885,0.41594416,
577.51,10.7,,20.5,0.829457364,0.687671233,0.735294118,,21.63,0.717650962,,577.51,0.816857381,,,498.1,0.015523421,,0.425264196,,2,0.15503876,,11.77,0.390510949,,,0.58583975,0.44028857,
515.52,11.8,,20.4,0.914728682,0.690410959,0.732843137,,24.3,0.806237558,,515.52,0.729175802,,,391.35,0.012196528,,0.27435745,,0.3,0.023255814,,9.39,0.311546118,,,0.5332845,0.4486741,
601.52,10.5,,21.6,0.813953488,0.693150685,0.762254902,,22.5,0.746516257,,601.52,0.850818258,,,306.17,0.009541871,,0.582041952,,9,0.697674419,,20.07,0.665892502,,,0.42243105,0.4461864,
441.98,4.2,,20.1,0.325581395,0.695890411,0.725490196,,16.44,0.545454545,,441.98,0.625157357,,,181.08,0.005643407,,0.521548787,,6.4,0.496124031,,11.61,0.385202389,,,0.6896969,0.5289855,
583.72,10.9,,21.6,0.84496124,0.698630137,0.762254902,,22.93,0.760783013,,583.72,0.825641098,,,553.7,0.01725621,,0.190220779,,0,0,,5,0.165892502,,,0.63740015,0.51989305,
178.21,0.5,,22,0.03875969,0.701369863,0.772058824,,6.09,0.202057067,,178.21,0.252068629,,,580.45,0.018089881,,0.787628836,,10.6,0.821705426,,22.66,0.751824818,,,0.6217991,0.49787956,
212.33,0,,22.5,0,0.704109589,0.784313725,,9.97,0.330789648,,212.33,0.300329566,,,588.66,0.018345747,,0.586695273,,4.9,0.379844961,,14.88,0.493696085,,,0.7955119,0.64300966,
245.33,1.1,,23.8,0.085271318,0.706849315,0.816176471,,7.52,0.249502322,,245.33,0.347006323,,,487.6,0.015196185,,0.677529246,,7.2,0.558139535,,17.27,0.572992701,,,0.46965456,0.5698285,
223.36,1.5,,23.1,0.11627907,0.709589041,0.799019608,,8.85,0.293629728,,223.36,0.315930918,,,400.36,0.012477327,,0.657089428,,8.4,0.651162791,,17.61,0.584273391,,,0.8008725,0.60781956,
493.47,7.5,,21.7,0.581395349,0.712328767,0.764705882,,17.24,0.571997346,,493.47,0.697987242,,,506.12,0.015773366,,0.832784889,,11.5,0.891472868,,23.59,0.782680823,,,0.77869046,0.6506338,
565.45,11.1,,21.3,0.860465116,0.715068493,0.754901961,,22.28,0.739216987,,565.45,0.799799149,,,517.89,0.016140181,,0.83498833,,11.4,0.88372093,,22.99,0.762773723,,,0.55722487,0.71751124,
225.65,0,,21.2,0,0.717808219,0.75245098,,9.5,0.315195753,,225.65,0.319170002,,,387.54,0.012077789,,0.821796675,,11.2,0.868217054,,22.96,0.761778368,,,0.65657014,0.7321319,
206.31,0,,21.8,0,0.720547945,0.767156863,,5.96,0.197743862,,206.31,0.291814594,,,466.06,0.014524885,,0.253236305,,0.1,0.007751938,,7.26,0.240875912,,,0.6721603,0.7663498,
150.85,0.2,,20.5,0.015503876,0.723287671,0.735294118,,4.23,0.140345056,,150.85,0.213369355,,,543.33,0.016933026,,0.10895438,,0,0,,3.11,0.103185136,,,0.5336803,0.6748118,
546.99,9.6,,21.1,0.744186047,0.726027397,0.75,,20.86,0.692103517,,546.99,0.773688454,,,550.43,0.017154299,,0.051287998,,0,0,,1.64,0.054412741,,,0.34202176,0.62004876,
415.53,5.2,,19.6,0.403100775,0.728767123,0.713235294,,14.08,0.467153285,,415.53,0.58774523,,,341.04,0.010628603,,0.752141832,,10.2,0.790697674,,20.36,0.675514267,,,0.68812656,0.5046211,
482.68,8.3,,17.6,0.643410853,0.731506849,0.664215686,,16.04,0.532183145,,482.68,0.682725357,,,447.45,0.0139449,,0.855167215,,11.2,0.868217054,,21.58,0.715992037,,,0.55946326,0.5385419,
599.02,10.8,,16.9,0.837209302,0.734246575,0.647058824,,22.61,0.750165893,,599.02,0.84728214,,,419.69,0.013079752,,0.54591711,,4.5,0.348837209,,16.12,0.534837425,,,0.5003159,0.5272883,
453.9,5.8,,18.9,0.449612403,0.736986301,0.696078431,,14.56,0.483078965,,453.9,0.642017567,,,478.84,0.014923178,,0.455445545,,3.5,0.271317829,,12.89,0.427670869,,,0.7366078,0.5512224,
586.61,10.9,,18.2,0.84496124,0.739726027,0.678921569,,21.71,0.720305242,,586.61,0.82972885,,,196.91,0.006136753,,0.726381862,,9,0.697674419,,19.2,0.637027206,,,0.5057438,0.6298674,
232.43,0.9,,18.1,0.069767442,0.742465753,0.676470588,,11.16,0.370272064,,232.43,0.328759954,,,534.65,0.016662511,,0.665743734,,8.8,0.682170543,,16,0.530856005,,,0.5533918,0.69264066,
560,9.5,,20,0.736434109,0.745205479,0.723039216,,19.73,0.654611812,,560,0.792090411,,,480.48,0.014974289,,0.751460505,,9.3,0.720930233,,18.23,0.604844061,,,0.58143693,0.64970326,
560.99,10.6,,18.7,0.821705426,0.747945205,0.691176471,,19.71,0.653948242,,560.99,0.793490714,,,541.44,0.016874123,,0.763898352,,9.8,0.759689922,,19.24,0.638354346,,,0.60666287,0.66559654,
366.32,5.2,,16.6,0.403100775,0.750684932,0.639705882,,12.4,0.411413404,,366.32,0.518140285,,,61.01,0.001901393,,0.146427381,,0,0,,3.79,0.125746516,,,0.7613339,0.7071817,
555.73,10.5,,16.1,0.813953488,0.753424658,0.62745098,,18.78,0.623092236,,555.73,0.786050722,,,32087,1,,0.069074989,,0,0,,1.83,0.060716656,,,0.47906947,0.60034996,
569.32,10.8,,15.9,0.837209302,0.756164384,0.62254902,,20.63,0.684472462,,569.32,0.805273059,,,494.98,0.015426185,,0.699317223,,7.8,0.604651163,,13.07,0.433642999,,,0.2920774,0.55691224,
504.72,8.5,,18.6,0.658914729,0.75890411,0.68872549,,19.58,0.649635036,,504.72,0.713899772,,,458.16,0.01427868,,0.704274966,,7.6,0.589147287,,17.7,0.587259456,,,0.45998776,0.5825952,
61.44,0,,17.3,0,0.761643836,0.656862745,,2.06,0.068347711,,61.44,0.086903634,,,211.7,0.006597688,,0.318803183,,1.1,0.085271318,,4.71,0.156270737,,,0.6765387,0.5323225,
181.74,1.3,,18.3,0.100775194,0.764383562,0.681372549,,3.72,0.123424021,,181.74,0.257061627,,,114.11,0.003556269,,0.587579549,,5.7,0.441860465,,13.25,0.439615129,,,0.70095634,0.45757678,
557.15,10.7,,17,0.829457364,0.767123288,0.649509804,,18.87,0.626078301,,557.15,0.788059237,,,362.29,0.011290865,,0.100720467,,0,0,,3.08,0.102189781,,,0.628864,0.5672561,
430.01,5.8,,14.5,0.449612403,0.769863014,0.588235294,,14.99,0.49734572,,430.01,0.608226425,,,491.15,0.015306822,,0.673876172,,9,0.697674419,,16.12,0.534837425,,,0.5002184,0.5078415,
254.78,1.2,,15.5,0.093023256,0.77260274,0.612745098,,9.03,0.299601858,,254.78,0.360372848,,,348.76,0.010869199,,0.841511677,,10.8,0.837209302,,20,0.663570007,,,0.4128618,0.5594323,
437.08,6.4,,14.2,0.496124031,0.775342466,0.580882353,,16.23,0.53848706,,437.08,0.618226566,,,107.01,0.003334995,,0.471594451,,3.8,0.294573643,,14.54,0.482415395,,,0.6778152,0.5884207,
505.16,6.9,,12,0.534883721,0.778082192,0.526960784,,17.49,0.580291971,,505.16,0.714522129,,,65.9,0.002053791,,0.715161707,,7.3,0.565891473,,17.81,0.590909091,,,0.49609926,0.57006794,
556.3,10.6,,11.6,0.821705426,0.780821918,0.517156863,,19.31,0.640676841,,556.3,0.786856957,,,549.64,0.017129679,,0.81151878,,10.6,0.821705426,,18.81,0.624087591,,,0.6121823,0.6530189,
534.39,10.6,,11.7,0.821705426,0.783561644,0.519607843,,18.64,0.618447246,,534.39,0.75586642,,,552.58,0.017221305,,0.798298131,,10.6,0.821705426,,18.76,0.622428666,,,0.63398665,0.69670635,
472.54,8.5,,13,0.658914729,0.78630137,0.551470588,,16.84,0.558725946,,472.54,0.668382863,,,280.38,0.008738118,,0.623979821,,4.1,0.317829457,,14.62,0.485069675,,,0.56244576,0.7019207,
408.55,8.7,,14.5,0.674418605,0.789041096,0.588235294,,15.55,0.51592568,,408.55,0.577872389,,,236.23,0.007362172,,0.737413566,,10,0.775193798,,16.81,0.557730591,,,0.5492099,0.68095934,
218.89,1.4,,13.5,0.108527132,0.791780822,0.56372549,,7.82,0.259455873,,218.89,0.30960834,,,394.44,0.012292829,,0.636069756,,7.1,0.550387597,,17.2,0.570670206,,,0.58494884,0.72610664,
509.66,10.2,,12.9,0.790697674,0.794520548,0.549019608,,17.23,0.571665561,,509.66,0.720887141,,,154.08,0.004801945,,0.383964165,,3,0.23255814,,10.18,0.337757133,,,0.52410406,0.68529046,
463.92,8.6,,12.2,0.666666667,0.797260274,0.531862745,,17.65,0.585600531,,463.92,0.656190328,,,543.13,0.016926793,,0.324688691,,2.3,0.178294574,,9.16,0.303915063,,,0.55283785,0.6328419,
540.61,10.4,,11.9,0.80620155,0.8,0.524509804,,17.89,0.593563371,,540.61,0.764664281,,,542.97,0.016921806,,0.608483249,,9.4,0.728682171,,14.43,0.47876576,,,0.5887186,0.5876988,
529.62,9.4,,12.4,0.728682171,0.802739726,0.536764706,,17.06,0.566025216,,529.62,0.749119507,,,538.08,0.016769408,,0.645811287,,7.1,0.550387597,,16.49,0.54711347,,,0.61394495,0.6101483,
532.67,10,,12.4,0.775193798,0.805479452,0.536764706,,17.21,0.571001991,,532.67,0.75343357,,,502.19,0.015650887,,0.749199078,,10.1,0.782945736,,17.1,0.567352356,,,0.3943,0.5789811,
313.35,4.5,,13.2,0.348837209,0.808219178,0.556372549,,11.57,0.383875249,,313.35,0.443217019,,,538.08,0.016769408,,0.736761231,,9.9,0.76744186,,16.12,0.534837425,,,0.5420788,0.6237284,
294.62,4.1,,13.2,0.317829457,0.810958904,0.556372549,,10.55,0.350033179,,294.62,0.416724423,,,502.19,0.015650887,,0.149094704,,0,0,,5.13,0.170205707,,,0.6464388,0.65347433,
530.3,9.7,,12.5,0.751937984,0.81369863,0.539215686,,16.94,0.562043796,,530.3,0.750081331,,,362.85,0.011308318,,0.635388429,,8.6,0.666666667,,14.15,0.46947578,,,0.3967531,0.5969664,
506.24,9.5,,13.2,0.736434109,0.816438356,0.556372549,,16.42,0.544790975,,506.24,0.716049732,,,434.14,0.01353009,,0.58863778,,8.4,0.651162791,,13.88,0.460517585,,,0.5759613,0.6610293,
49.15,1.3,,13.4,0.100775194,0.819178082,0.56127451,,1.67,0.055408096,,49.15,0.069520078,,,325.56,0.010146165,,0.491106505,,1.6,0.124031008,,12.08,0.400796284,,,0.61613184,0.60476905,
170.75,1.3,,11.5,0.100775194,0.821917808,0.514705882,,6.93,0.229927007,,170.75,0.241516853,,,276.08,0.008604108,,0.685183306,,9.7,0.751937984,,16.54,0.548772395,,,0.7617778,0.56312007,
415.06,8.4,,13.9,0.651162791,0.824657534,0.573529412,,12.57,0.417053749,,415.06,0.58708044,,,457.4,0.014254994,,0.63534494,,7.5,0.581395349,,15.34,0.508958195,,,0.6520189,0.61466867,
286.55,6.2,,11.1,0.480620155,0.82739726,0.504901961,,8.52,0.282680823,,286.55,0.405309835,,,406.33,0.012663384,,0.581925982,,5.9,0.457364341,,12.35,0.409754479,,,0.47980592,0.6135882,
525.45,8.2,,8.6,0.635658915,0.830136986,0.443627451,,15.14,0.502322495,,525.45,0.743221262,,,547.23,0.01705457,,0.719336648,,9.5,0.736434109,,15.48,0.513603185,,,0.54355717,0.6236977,
414.19,6.8,,8.1,0.527131783,0.832876712,0.431372549,,12.93,0.428998009,,414.19,0.585849871,,,520.73,0.016228691,,0.687502718,,9.2,0.713178295,,15.45,0.51260783,,,0.68927824,0.6584022,
527.28,10.1,,8.4,0.782945736,0.835616438,0.43872549,,15.9,0.527538155,,527.28,0.7458097,,,343.64,0.010709633,,0.545467724,,5.9,0.457364341,,13.51,0.448241539,,,0.46831274,0.66405165,
515.13,10.1,,10.1,0.782945736,0.838356164,0.480392157,,15.52,0.514930325,,515.13,0.728624167,,,277.37,0.008644311,,0.440035951,,5.7,0.441860465,,10.48,0.347710683,,,0.47008735,0.6449466,
442.61,8.7,,10.4,0.674418605,0.84109589,0.487745098,,13.95,0.46284008,,442.61,0.626048459,,,213.86,0.006665005,,0.592928693,,7.8,0.604651163,,13.27,0.440278699,,,0.59718275,0.6299586,
472.25,9.1,,10.6,0.705426357,0.843835616,0.492647059,,14.27,0.4734572,,472.25,0.667972673,,,439.95,0.01371116,,0.548990331,,7.1,0.550387597,,11.43,0.379230259,,,0.52292985,0.6358028,
454.91,8.5,,10.8,0.658914729,0.846575342,0.49754902,,14.15,0.46947578,,454.91,0.643446159,,,506.73,0.015792377,,0.543989099,,5.9,0.457364341,,13.28,0.440610484,,,0.46927527,0.606415,
291.96,5.5,,11.4,0.426356589,0.849315068,0.512254902,,11.94,0.396151294,,291.96,0.412961994,,,465.2,0.014498083,,0.638838554,,8.4,0.651162791,,13.97,0.46350365,,,0.43361285,0.5972542,
32.64,0,,12.3,0,0.852054795,0.534313725,,2.22,0.073656271,,32.64,0.046167555,,,283.59,0.008838159,,0.488903063,,5.9,0.457364341,,10.67,0.354014599,,,0.53498995,0.6184955,
33.66,0,,14.8,0,0.854794521,0.595588235,,1.39,0.046118115,,33.66,0.047610292,,,402.1,0.012531555,,0.723598568,,9.4,0.728682171,,15.2,0.504313205,,,0.45460445,0.59169143,
230.4,5.4,,12.6,0.418604651,0.857534247,0.541666667,,8.24,0.273390843,,230.4,0.325888626,,,458.96,0.014303612,,0.676775437,,9.4,0.728682171,,14.55,0.48274718,,,0.53439337,0.6448437,
382.37,9,,12.3,0.697674419,0.860273973,0.534313725,,10.32,0.342402123,,382.37,0.540842162,,,185.27,0.005773989,,0.24240755,,0.8,0.062015504,,7.37,0.244525547,,,0.5454409,0.6410151,
76.69,0,,10.2,0,0.863013699,0.482843137,,5.13,0.170205707,,76.69,0.108473953,,,489.81,0.015265061,,0.485583405,,4.5,0.348837209,,9.93,0.329462508,,,0.45224676,0.5768631,
457.15,9,,9.5,0.697674419,0.865753425,0.465686275,,12.76,0.423357664,,457.15,0.646614521,,,430.21,0.013407611,,0.537770175,,7.4,0.573643411,,12.1,0.401459854,,,0.62101984,0.6015495,
446.25,9.4,,8.1,0.728682171,0.868493151,0.431372549,,12.9,0.428002654,,446.25,0.631197047,,,184.12,0.005738149,,0.106866909,,0,0,,3.55,0.117783676,,,0.45798296,0.57521933,
432.72,9.2,,8,0.713178295,0.871232877,0.428921569,,12.5,0.414731254,,432.72,0.612059577,,,397.56,0.012390065,,0.72433788,,8,0.620155039,,14.47,0.4800929,,,0.26929393,0.4713076,
365.28,8.6,,9.7,0.666666667,0.873972603,0.470588235,,11.26,0.373589914,,365.28,0.51666926,,,346.83,0.01080905,,0.625356972,,9,0.697674419,,12.51,0.415063039,,,0.71848184,0.5570039,
100.13,0,,9.6,0,0.876712329,0.468137255,,3.94,0.130723291,,100.13,0.141628594,,,471.78,0.014703151,,0.467796414,,3.8,0.294573643,,7.84,0.260119443,,,0.62779665,0.5521509,
492.85,9.3,,7.4,0.720930233,0.879452055,0.414215686,,13.59,0.45089582,,492.85,0.697110284,,,150.49,0.004690061,,0.050447212,,0.2,0.015503876,,1.64,0.054412741,,,0.7359671,0.53139013,
113.36,0.1,,6.2,0.007751938,0.882191781,0.384803922,,4.51,0.149635036,,113.36,0.16034173,,,506.48,0.015784586,,0.158792746,,0.2,0.015503876,,4.01,0.133045786,,,0.30570376,0.49591425,
383.86,8,,8.5,0.620155039,0.884931507,0.441176471,,11.82,0.392169874,,383.86,0.542949688,,,316.65,0.009868483,,0.370105678,,2.4,0.186046512,,9.43,0.312873258,,,0.5162837,0.49038646,
442.25,9.1,,7.1,0.705426357,0.887671233,0.406862745,,12.73,0.422362309,,442.25,0.625539258,,,437.46,0.013633559,,0.68658945,,8.7,0.674418605,,13.59,0.45089582,,,0.55153865,0.45242777,
209.47,2.4,,6.8,0.186046512,0.890410959,0.399509804,,7.02,0.232913072,,209.47,0.296284247,,,455.52,0.014196404,,0.435585579,,5.3,0.410852713,,10.4,0.345056403,,,0.514363,0.46210426,
474.62,8.6,,4.3,0.666666667,0.893150685,0.338235294,,13.16,0.436629064,,474.62,0.671324913,,,115.97,0.003614236,,0.640215705,,8.6,0.666666667,,12.78,0.424021234,,,0.48669344,0.45196792,
415.87,8.4,,4.2,0.651162791,0.895890411,0.335784314,,11.59,0.384538819,,415.87,0.588226142,,,150.19,0.004680712,,0.567560124,,8.1,0.627906977,,12.04,0.399469144,,,0.58331114,0.56672716,
120.18,2.1,,7.9,0.162790698,0.898630137,0.426470588,,2.79,0.092568016,,120.18,0.16998826,,,257.43,0.008022875,,0.490642622,,5.6,0.434108527,,10.14,0.336429993,,,0.5502167,0.59582686,
241.53,5.4,,7.6,0.418604651,0.901369863,0.419117647,,9.25,0.306901128,,241.53,0.341631423,,,418.2,0.013033316,,0.176956641,,0,0,,4.88,0.161911082,,,0.44494948,0.6025675,
426.45,8.5,,6.7,0.658914729,0.904109589,0.397058824,,12.02,0.398805574,,426.45,0.603190993,,,213.95,0.006667809,,0.582868243,,5.7,0.441860465,,11.42,0.378898474,,,0.42451242,0.5342818,
296.66,7.4,,9.3,0.573643411,0.906849315,0.460784314,,9.53,0.316191108,,296.66,0.419609895,,,403.12,0.012563343,,0.219677312,,0.3,0.023255814,,5.97,0.198075647,,,0.51651764,0.57165194,
177.58,3,,5.4,0.23255814,0.909589041,0.365196078,,6.89,0.228599867,,177.58,0.251177527,,,215.25,0.006708324,,0.590797733,,7.6,0.589147287,,11.39,0.377903119,,,0.3598077,0.46417087,
171.14,3.1,,5.2,0.240310078,0.912328767,0.360294118,,6.18,0.205043132,,171.14,0.242068488,,,306.5,0.009552155,,0.65005871,,8.2,0.635658915,,12.93,0.428998009,,,0.52828586,0.5105502,
415.78,8.3,,5,0.643410853,0.915068493,0.355392157,,11.2,0.371599204,,415.78,0.588098842,,,453.77,0.014141864,,0.524361074,,6,0.465116279,,11.12,0.368944924,,,0.44183344,0.5245845,
197.38,2.3,,5,0.178294574,0.917808219,0.355392157,,6.37,0.211347047,,197.38,0.279183581,,,475.12,0.014807243,,0.054114782,,0,0,,1.76,0.058394161,,,0.47452626,0.5583136,
307.87,7,,10,0.542635659,0.920547945,0.477941176,,9.54,0.316522893,,307.87,0.435465848,,,315.91,0.00984542,,0.402417987,,2.7,0.209302326,,9.64,0.319840743,,,0.42888477,0.4901897,
65.81,0.2,,15,0.015503876,0.923287671,0.600490196,,2.15,0.071333776,,65.81,0.093084768,,,354.15,0.01103718,,0.295493093,,2.7,0.209302326,,9.78,0.324485733,,,0.55463856,0.54466426,
121.08,0.6,,9.4,0.046511628,0.926027397,0.463235294,,4.11,0.136363636,,121.08,0.171261263,,,273.72,0.008530558,,0.475624429,,6.8,0.527131783,,10.34,0.343065693,,,0.3961596,0.48306257,
322.78,5.5,,2.9,0.426356589,0.928767123,0.303921569,,8.95,0.296947578,,322.78,0.456555255,,,380.98,0.011873344,,0.616673673,,6.2,0.480620155,,11.7,0.388188454,,,0.5423443,0.46275562,
119.04,1.4,,3.2,0.108527132,0.931506849,0.31127451,,4.98,0.165228932,,119.04,0.16837579,,,337.71,0.010524823,,0.632692113,,8.2,0.635658915,,12.59,0.417717319,,,0.52237594,0.49717367,
317.18,4.4,,-1.9,0.341085271,0.934246575,0.18627451,,10.01,0.332116788,,317.18,0.448634351,,,140.43,0.004376539,,0.532174594,,5.7,0.441860465,,10.05,0.333443928,,,0.4590814,0.5683317,
313.98,8.4,,-4.3,0.651162791,0.936986301,0.12745098,,9.45,0.313536828,,313.98,0.44410812,,,405.28,0.01263066,,0.595929432,,8.1,0.627906977,,12.24,0.406104844,,,0.537871,0.56320065,
459.29,7.6,,-4.1,0.589147287,0.939726027,0.132352941,,12.17,0.403782349,,459.29,0.649641438,,,133.59,0.004163368,,0.422393923,,6.1,0.472868217,,9.78,0.324485733,,,0.47817737,0.6132919,
443.19,8.7,,-1.7,0.674418605,0.942465753,0.191176471,,11.68,0.387524884,,443.19,0.626868838,,,181.56,0.005658366,,0.343446936,,4.6,0.356589147,,7.98,0.264764433,,,0.48600915,0.5885861,
66.72,0,,-0.2,0,0.945205479,0.227941176,,1.79,0.059389516,,66.72,0.094371915,,,20.86,0.000650108,,0.18662569,,1.3,0.100775194,,3.53,0.117120106,,,0.4698999,0.56676686,
374.56,6,,-0.2,0.465116279,0.947945205,0.227941176,,11.3,0.374917054,,374.56,0.529795329,,,46.65,0.00145386,,0.606381282,,7.6,0.589147287,,11.66,0.386861314,,,0.5342091,0.5089231,
203.95,2,,2.1,0.15503876,0.950684932,0.284313725,,6.17,0.204711347,,203.95,0.288476499,,,351.86,0.010965812,,0.520722497,,7.9,0.612403101,,10.57,0.350696749,,,0.46816605,0.5464171,
383.65,6,,-0.6,0.465116279,0.953424658,0.218137255,,11.23,0.372594559,,383.65,0.542652654,,,345.8,0.01077695,,0.579867504,,8.1,0.627906977,,10.95,0.363304579,,,0.46518585,0.509504,
353.66,8.2,,-1.6,0.635658915,0.956164384,0.193627451,,10.74,0.356337094,,353.66,0.500233384,,,240.49,0.007494936,,0.523476799,,7.1,0.550387597,,10.49,0.348042468,,,0.40441573,0.5381636,
202.82,2.1,,1.7,0.162790698,0.95890411,0.274509804,,5.18,0.171864632,,202.82,0.286878174,,,310.97,0.009691464,,0.399663685,,4.5,0.348837209,,8.88,0.294625083,,,0.347644,0.57480764,
323.18,5.6,,4.4,0.434108527,0.961643836,0.340686275,,8.84,0.293297943,,323.18,0.457121034,,,394.11,0.012282544,,0.041372512,,0,0,,0.93,0.030856005,,,0.45887476,0.58085495,
313.26,5.7,,4.6,0.441860465,0.964383562,0.345588235,,7.29,0.241871267,,313.26,0.443089718,,,261.08,0.008136629,,0.517852224,,6.1,0.472868217,,6.52,0.216323822,,,0.2738797,0.494356,
269.74,5.4,,7.4,0.418604651,0.967123288,0.414215686,,7.74,0.256801593,,269.74,0.381532978,,,376.11,0.011721569,,0.583346622,,7.4,0.573643411,,11.18,0.370935634,,,0.58880204,0.5195915,
187.04,4.2,,5.6,0.325581395,0.969863014,0.370098039,,6.18,0.205043132,,187.04,0.264558197,,,373.08,0.011627139,,0.228172158,,0.5,0.03875969,,7.19,0.238553417,,,0.58472604,0.5060404,
93.87,1.1,,4.6,0.085271318,0.97260274,0.345588235,,5.68,0.188453882,,93.87,0.132774155,,,271.77,0.008469785,,0.221199426,,0.2,0.015503876,,5.82,0.193098872,,,0.40933704,0.44775555,
331.64,6.7,,6.6,0.519379845,0.975342466,0.394607843,,9.64,0.319840743,,331.64,0.469087257,,,131.47,0.004097298,,0.385413798,,4.9,0.379844961,,7.85,0.260451228,,,0.3827486,0.44924736,
406.17,8.3,,6.1,0.643410853,0.978082192,0.382352941,,10.73,0.356005309,,406.17,0.574506004,,,322,0.010035217,,0.351289448,,2,0.15503876,,6.65,0.220637027,,,0.57255954,0.48103482,
391.95,7.7,,0.4,0.596899225,0.980821918,0.242647059,,11.06,0.366954214,,391.95,0.554392566,,,82.57,0.002573316,,0.532986388,,7,0.542635659,,10.46,0.347047113,,,0.5864739,0.44252566,
147.66,1.6,,1.1,0.124031008,0.983561644,0.259803922,,5.76,0.191108162,,147.66,0.208857268,,,443.36,0.013817434,,0.433498108,,4.3,0.333333333,,9.72,0.322495023,,,0.49583066,0.47619683,
349.48,5.9,,2.6,0.457364341,0.98630137,0.296568627,,9.42,0.312541473,,349.48,0.494320995,,,302.27,0.009420326,,0.065334938,,0,0,,1.77,0.058725946,,,0.5412543,0.47866932,
444.38,8.2,,-4.1,0.635658915,0.989041096,0.132352941,,11.6,0.384870604,,444.38,0.62855203,,,450.88,0.014051797,,0.557093777,,6.9,0.534883721,,10.78,0.357664234,,,0.20406938,0.44944337,
336.61,4.6,,-6,0.356589147,0.991780822,0.085784314,,10.09,0.334771068,,336.61,0.47611706,,,151.89,0.004733693,,0.557354711,,8,0.620155039,,11.17,0.370603849,,,0.61702555,0.51680416,
376.89,7,,-4,0.542635659,0.994520548,0.134803922,,11.54,0.382879894,,376.89,0.533090991,,,91.99,0.002866893,,0.082150675,,0,0,,3.06,0.101526211,,,0.66880167,0.51623714,
359.94,6.7,,-4.8,0.519379845,0.997260274,0.115196078,,10.74,0.356337094,,359.94,0.509116112,,,85.2,0.002655281,,0.080527086,,0,0,,1.71,0.056735236,,,0.5400889,0.43595713,
418.54,8.7,,-3.1,0.674418605,1,0.156862745,,11.74,0.389515594,,418.54,0.592002716,,,335.36,0.010451585,,0.614687677,,8.2,0.635658915,,12.25,0.406436629,,,0.30258504,0.43857285,
