Pgen,sunshine,day,tem,sunshine_norm,day_norm,tem_norm,,sun,sun_norm,,-2018,Pgen_norm,,2017,genn,P2gen_norm
403.18,8.4,,0.4,0.651162791,0,0.242647059,,10.96,0.363636364,,403.18,0.570276807,,,443,0.013806214
159.71,2.6,,0.8,0.201550388,0.005479452,0.25245098,,5.98,0.198407432,,159.71,0.225901356,,,442.58,0.013793125
416.4,8.3,,-1.3,0.643410853,0.008219178,0.200980392,,10.99,0.364631719,,416.4,0.588975799,,,293.87,0.009158538
222.5,1.6,,-1.9,0.124031008,0.010958904,0.18627451,,8.16,0.270736563,,222.5,0.314714494,,,181.3,0.005650263
319.2,4.5,,0.5,0.348837209,0.01369863,0.245098039,,10.54,0.349701393,,319.2,0.451491535,,,127.87,0.003985103
430.96,8.5,,-0.1,0.658914729,0.016438356,0.230392157,,12.14,0.402786994,,430.96,0.60957015,,,358.52,0.011173372
93,0,,-0.6,0,0.019178082,0.218137255,,4.32,0.143331121,,93,0.131543586,,,190.51,0.005937295
85.31,0,,2.2,0,0.021917808,0.286764706,,1.89,0.062707366,,85.31,0.120666488,,,300.79,0.009374201
137.16,1.1,,-0.3,0.085271318,0.024657534,0.225490196,,5.94,0.197080292,,137.16,0.194005573,,,372.84,0.011619659
14.14,1.2,,-3.5,0.093023256,0.02739726,0.147058824,,5.41,0.179495687,,14.14,0.020000283,,,257.86,0.008036276
1.12,1.1,,-7.5,0.085271318,0.030136986,0.049019608,,4.29,0.142335766,,1.12,0.001584181,,,404.41,0.012603547
14.98,4.4,,-9.5,0.341085271,0.032876712,0,,7.79,0.258460518,,14.98,0.021188419,,,275.79,0.00859507
271.77,7,,-1.7,0.542635659,0.035616438,0.191176471,,11.6,0.384870604,,271.77,0.384404306,,,186.03,0.005797675
372.32,5.4,,0.9,0.418604651,0.038356164,0.254901961,,10.38,0.344392833,,372.32,0.526626968,,,503.68,0.015697323
350.92,7,,4.6,0.542635659,0.04109589,0.345588235,,9.18,0.304578633,,350.92,0.496357799,,,500.17,0.015587933
72.5,0,,3.6,0,0.043835616,0.321078431,,2.68,0.088918381,,72.5,0.102547419,,,491.7,0.015323963
221.59,2.1,,4.7,0.162790698,0.046575342,0.348039216,,4.89,0.162242867,,221.59,0.313427347,,,273.23,0.008515287
285.67,5.2,,3.9,0.403100775,0.049315068,0.328431373,,7.41,0.245852687,,285.67,0.404065121,,,213.64,0.006658148
301,5.1,,0.2,0.395348837,0.052054795,0.237745098,,9.58,0.317850033,,301,0.425748596,,,401.39,0.012509427
382.7,6.7,,1.1,0.519379845,0.054794521,0.259803922,,11.04,0.366290644,,382.7,0.541308929,,,145.62,0.004538287
210.4,2.2,,0.5,0.170542636,0.057534247,0.245098039,,9.85,0.326808228,,210.4,0.297599683,,,184.82,0.005759965
247.53,3.8,,3.6,0.294573643,0.060273973,0.321078431,,7.52,0.249502322,,247.53,0.350118106,,,62.96,0.001962165
415.59,5.3,,-5.2,0.410852713,0.063013699,0.105392157,,12.86,0.426675514,,415.59,0.587830097,,,365.67,0.011396204
529.27,8.4,,-9.4,0.651162791,0.065753425,0.00245098,,13.82,0.458526875,,529.27,0.74862445,,,391.08,0.012188114
488.11,7.7,,-8.7,0.596899225,0.068493151,0.019607843,,13.06,0.433311214,,488.11,0.690405805,,,477.16,0.01487082
554.02,6.8,,-9.1,0.527131783,0.071232877,0.009803922,,14.41,0.47810219,,554.02,0.783632017,,,426.65,0.013296662
510.21,9.1,,-7.3,0.705426357,0.073972603,0.053921569,,13.95,0.46284008,,510.21,0.721665087,,,532.12,0.016583663
452.76,7.2,,-3.2,0.558139535,0.076712329,0.154411765,,12.76,0.423357664,,452.76,0.640405098,,,500.52,0.015598841
456.4,7,,-5.4,0.542635659,0.079452055,0.100490196,,12.54,0.416058394,,456.4,0.645553685,,,38.49,0.001199551
440.77,7.4,,-4.5,0.573643411,0.082191781,0.12254902,,13.25,0.439615129,,440.77,0.623445876,,,414.9,0.01293047
261.9,3,,-0.4,0.23255814,0.084931507,0.223039216,,9,0.298606503,,261.9,0.370443712,,,530.02,0.016518216
530.64,9.5,,-2.1,0.736434109,0.087671233,0.181372549,,15.27,0.5066357,,530.64,0.750562243,,,462.87,0.014425468
454.28,8.5,,-3,0.658914729,0.090410959,0.159313725,,12.91,0.428334439,,454.28,0.642555057,,,568.65,0.01772213
320.38,2.1,,-3.9,0.162790698,0.093150685,0.137254902,,13.65,0.45288653,,320.38,0.453160582,,,418.15,0.013031757
40.37,4.8,,-6.2,0.372093023,0.095890411,0.080882353,,14.8,0.491041805,,40.37,0.057101232,,,183.63,0.005722878
221.24,2.6,,-6.5,0.201550388,0.098630137,0.073529412,,12.43,0.412408759,,221.24,0.31293229,,,40.23,0.001253779
466.38,4.1,,-6.7,0.317829457,0.101369863,0.068627451,,14.2,0.471134705,,466.38,0.659669868,,,518.58,0.016161685
359.79,9.4,,-7,0.728682171,0.104109589,0.06127451,,16,0.530856005,,359.79,0.508903945,,,425.97,0.01327547
519.19,9.5,,-3.9,0.736434109,0.106849315,0.137254902,,14.81,0.49137359,,519.19,0.734366823,,,242.32,0.007551968
362.87,4.3,,1.9,0.333333333,0.109589041,0.279411765,,13.19,0.437624419,,362.87,0.513260442,,,301.08,0.009383239
303.69,4.3,,0.4,0.333333333,0.112328767,0.242647059,,9.7,0.321831453,,303.69,0.429553459,,,260.68,0.008124162
257.69,4.2,,-1.9,0.325581395,0.115068493,0.18627451,,11.06,0.366954214,,257.69,0.36448889,,,359.14,0.011192695
291.11,3.5,,-3,0.271317829,0.117808219,0.159313725,,11.23,0.372594559,,291.11,0.411759714,,,562.73,0.017537632
553.43,8.1,,0.5,0.627906977,0.120547945,0.245098039,,17.81,0.590909091,,553.43,0.782797494,,,352.65,0.010990432
358.46,5.1,,5.3,0.395348837,0.123287671,0.362745098,,11.02,0.365627074,,358.46,0.50702273,,,555.86,0.017323527
481.67,7.7,,0.5,0.596899225,0.126027397,0.245098039,,14.07,0.4668215,,481.67,0.681296765,,,510.96,0.015924206
423.12,7.5,,0.1,0.581395349,0.128767123,0.235294118,,13.38,0.443928334,,423.12,0.598480884,,,412.05,0.012841649
596.61,8.9,,-0.8,0.689922481,0.131506849,0.213235294,,17.15,0.569011281,,596.61,0.843873322,,,486.79,0.015170942
303.4,3.1,,0.5,0.240310078,0.134246575,0.245098039,,10.27,0.340743198,,303.4,0.429143269,,,591.5,0.018434257
382.22,5.5,,1.9,0.426356589,0.136986301,0.279411765,,12.85,0.426343729,,382.22,0.540629995,,,335.94,0.010469661
365.95,5.9,,1.9,0.457364341,0.139726027,0.279411765,,13.1,0.434638354,,365.95,0.517616939,,,521.37,0.016248637
392.58,4.8,,0.5,0.372093023,0.142465753,0.245098039,,13.13,0.435633709,,392.58,0.555283667,,,585.84,0.018257861
571.75,9.5,,0.7,0.736434109,0.145205479,0.25,,15.72,0.521566025,,571.75,0.808710166,,,27.8,0.000866394
289.45,4.8,,5.9,0.372093023,0.147945205,0.37745098,,10.09,0.334771068,,289.45,0.409411731,,,607.63,0.018936953
324.53,2.9,,3.6,0.224806202,0.150684932,0.321078431,,12.6,0.418049104,,324.53,0.459030538,,,624.6,0.019465827
356.16,5.1,,2.1,0.395348837,0.153424658,0.284313725,,12.52,0.415394824,,356.16,0.503769502,,,621.48,0.019368592
595.41,10.3,,1.8,0.798449612,0.156164384,0.276960784,,18.86,0.625746516,,595.41,0.842175986,,,553.64,0.01725434
453.45,9.5,,5.2,0.736434109,0.15890411,0.360294118,,15.16,0.502986065,,453.45,0.641381066,,,612.13,0.019077196
44.14,0,,5,0,0.161643836,0.355392157,,2.14,0.071001991,,44.14,0.062433698,,,591.5,0.018434257
507.5,6.5,,1.8,0.503875969,0.164383562,0.276960784,,17.79,0.590245521,,507.5,0.717831935,,,315.88,0.009844485
637.99,10.6,,0.5,0.821705426,0.167123288,0.245098039,,19.78,0.656270737,,637.99,0.902403146,,,601.7,0.018752143
566.16,9.5,,8,0.736434109,0.169863014,0.428921569,,18.35,0.608825481,,566.16,0.800803406,,,610.87,0.019037928
425,5,,14.4,0.387596899,0.17260274,0.585784314,,15.33,0.50862641,,425,0.601140044,,,618.64,0.019280082
344.6,2.7,,7.6,0.209302326,0.175342466,0.419117647,,8.38,0.278035833,,344.6,0.487418492,,,434.88,0.013553152
653.71,10.5,,4.6,0.813953488,0.178082192,0.345588235,,20.97,0.695753152,,653.71,0.924638255,,,687.03,0.021411475
234.15,0.1,,6.1,0.007751938,0.180821918,0.382352941,,9.75,0.323490378,,234.15,0.331192803,,,443.67,0.013827095
147.82,0.1,,2.6,0.007751938,0.183561644,0.296568627,,3.59,0.119110816,,147.82,0.20908358,,,333.92,0.010406707
175.94,1.5,,2.9,0.11627907,0.18630137,0.303921569,,6.66,0.220968812,,175.94,0.248857834,,,624.44,0.019460841
619.91,10.4,,2.9,0.80620155,0.189041096,0.303921569,,20.04,0.664897147,,619.91,0.876829941,,,644.52,0.020086639
511.92,7.9,,5.1,0.612403101,0.191780822,0.357843137,,19.08,0.633045786,,511.92,0.724083792,,,587.74,0.018317075
539.54,9.5,,6.9,0.736434109,0.194520548,0.401960784,,19.12,0.634372926,,539.54,0.763150823,,,476.11,0.014838096
622.87,10.8,,13.3,0.837209302,0.197260274,0.558823529,,19.4,0.643662906,,622.87,0.881016705,,,539.65,0.016818338
581.27,10.6,,16.7,0.821705426,0.2,0.642156863,,18.45,0.612143331,,581.27,0.822175703,,,679.5,0.021176801
35.77,0,,11.6,0,0.202739726,0.517156863,,1.56,0.051758461,,35.77,0.050594775,,,644.73,0.020093184
602.79,4.9,,7.5,0.379844961,0.205479452,0.416666667,,12.41,0.411745189,,602.79,0.852614606,,,519.87,0.016201889
578.79,10.2,,5.9,0.790697674,0.208219178,0.37745098,,20.84,0.691439947,,578.79,0.818667874,,,620.51,0.019338361
110.65,0,,6.7,0,0.210958904,0.397058824,,5.4,0.179163902,,110.65,0.156508579,,,488.02,0.015209275
96.63,0,,9.8,0,0.21369863,0.473039216,,4.01,0.133045786,,96.63,0.136678029,,,573.42,0.017870789
315.99,0.3,,7.6,0.023255814,0.216438356,0.419117647,,13.15,0.436297279,,315.99,0.446951159,,,131.14,0.004087013
88.7,0,,1.2,0,0.219178082,0.262254902,,5.75,0.190776377,,88.7,0.125461463,,,668.67,0.020839281
642.72,10.9,,4.1,0.84496124,0.221917808,0.333333333,,22.64,0.751161248,,642.72,0.909093481,,,477.39,0.014877988
640.06,10.1,,5,0.782945736,0.224657534,0.355392157,,22.44,0.744525547,,640.06,0.905331051,,,461.65,0.014387447
475.86,7.9,,7.2,0.612403101,0.22739726,0.409313725,,17.87,0.592899801,,475.86,0.673078827,,,449.01,0.013993518
486.8,7,,7,0.542635659,0.230136986,0.404411765,,22.29,0.739548772,,486.8,0.688552879,,,276.97,0.008631845
553.69,7.7,,9.5,0.596899225,0.232876712,0.465686275,,22.31,0.740212342,,553.69,0.78316525,,,481.35,0.015001402
515.11,9.3,,13,0.720930233,0.235616438,0.551470588,,21.87,0.725613802,,515.11,0.728595878,,,431.75,0.013455605
509.84,10.7,,14.6,0.829457364,0.238356164,0.590686275,,22.45,0.744857332,,509.84,0.721141742,,,439.13,0.013685605
309.07,1.9,,12.5,0.147286822,0.24109589,0.539215686,,15.16,0.502986065,,309.07,0.437163185,,,417.22,0.013002774
483.04,7.8,,11.7,0.604651163,0.243835616,0.519607843,,19.81,0.657266092,,483.04,0.683234558,,,635.09,0.019792751
554.3,10,,13.5,0.775193798,0.246575342,0.56372549,,20.87,0.692435302,,554.3,0.784028063,,,395.64,0.012330227
273.41,2.7,,16.1,0.209302326,0.249315068,0.62745098,,9.45,0.313536828,,273.41,0.386723999,,,552.63,0.017222863
531.02,10.6,,17.6,0.821705426,0.252054795,0.664215686,,22.95,0.761446583,,531.02,0.751099733,,,659.96,0.020567831
509.91,7.5,,18.5,0.581395349,0.254794521,0.68627451,,17.4,0.577305906,,509.91,0.721240753,,,666.32,0.020766042
141.85,0,,12.7,0,0.257534247,0.544117647,,4.41,0.146317186,,141.85,0.20063933,,,590.7,0.018409325
75.92,0,,10.9,0,0.260273973,0.5,,2.83,0.093895156,,75.92,0.107384829,,,66.08,0.002059401
433.97,2.5,,7.3,0.19379845,0.263013699,0.411764706,,18.08,0.599867286,,433.97,0.613827635,,,140.88,0.004390563
403.8,7.7,,5.6,0.596899225,0.265753425,0.370098039,,23.14,0.767750498,,403.8,0.571153765,,,563.38,0.017557889
551.48,10.5,,8.7,0.813953488,0.268493151,0.446078431,,21.49,0.713005972,,551.48,0.780039322,,,548.28,0.017087294
590.82,9.4,,11.2,0.728682171,0.271232877,0.507352941,,24.21,0.803251493,,590.82,0.835683673,,,542.37,0.016903107
559.74,9.8,,17.3,0.759689922,0.273972603,0.656862745,,22.94,0.761114798,,559.74,0.791722655,,,551.36,0.017183283
665.71,10.9,,13.1,0.84496124,0.276712329,0.553921569,,25.44,0.844061048,,665.71,0.941611621,,,543.01,0.016923053
529.26,8.7,,11.1,0.674418605,0.279452055,0.504901961,,21.89,0.726277372,,529.26,0.748610306,,,662.75,0.020654782
215.68,0.1,,13.5,0.007751938,0.282191781,0.56372549,,9.64,0.319840743,,215.68,0.305067964,,,582.94,0.018167482
62.23,0,,8.6,0,0.284931507,0.443627451,,2.15,0.071333776,,62.23,0.088021047,,,403.5,0.012575186
617.13,10,,8.5,0.775193798,0.287671233,0.441176471,,22.38,0.742534837,,617.13,0.872897778,,,654.14,0.020386449
625.86,10.4,,9.3,0.80620155,0.290410959,0.460784314,,24.78,0.822163238,,625.86,0.885245902,,,570.43,0.017777605
633.22,10.9,,11.5,0.84496124,0.293150685,0.514705882,,25.2,0.836098208,,633.22,0.895656233,,,86.43,0.002693614
685.06,11.9,,10.5,0.92248062,0.295890411,0.490196078,,27.61,0.916058394,,685.06,0.968981174,,,382.38,0.011916976
659.3,12,,11.8,0.930232558,0.298630137,0.522058824,,25.21,0.836429993,,659.3,0.932545015,,,645.25,0.02010939
619.97,11.8,,14.5,0.914728682,0.301369863,0.588235294,,25.39,0.842402123,,619.97,0.876914808,,,114.15,0.003557516
641.07,11,,16,0.852713178,0.304109589,0.625,,26.03,0.863636364,,641.07,0.906759643,,,530.35,0.016528501
268.46,0.8,,18.8,0.062015504,0.306849315,0.693627451,,10.55,0.350033179,,268.46,0.379722485,,,601.14,0.01873469
62.14,0,,15.2,0,0.309589041,0.605392157,,2.33,0.077305906,,62.14,0.087893747,,,667.2,0.020793468
176.09,0,,13.1,0,0.312328767,0.553921569,,5.85,0.194094227,,176.09,0.249070001,,,675.49,0.021051828
685.82,11.3,,13.3,0.875968992,0.315068493,0.558823529,,26.93,0.893497014,,685.82,0.970056154,,,409.05,0.012748153
553.41,9,,12.9,0.697674419,0.317808219,0.549019608,,21.09,0.699734572,,553.41,0.782769205,,,605.99,0.018885842
583.37,10.2,,13.3,0.790697674,0.320547945,0.558823529,,24.6,0.816191108,,583.37,0.825146042,,,700.53,0.021832206
613.72,8.9,,13.2,0.689922481,0.323287671,0.556372549,,27.98,0.928334439,,613.72,0.868074513,,,646.42,0.020145853
656.18,11.4,,13.7,0.88372093,0.326027397,0.568627451,,27.85,0.924021234,,656.18,0.92813194,,,642.5,0.020023686
468.84,7.1,,18.3,0.550387597,0.328767123,0.681372549,,18.87,0.626078301,,468.84,0.663149408,,,589.69,0.018377848
428.05,4.7,,19.2,0.364341085,0.331506849,0.703431373,,20.63,0.684472462,,428.05,0.605454108,,,620.3,0.019331817
245.5,0.5,,15.6,0.03875969,0.334246575,0.615196078,,9.67,0.320836098,,245.5,0.347246779,,,508.83,0.015857824
490.07,7.1,,11.7,0.550387597,0.336986301,0.519607843,,19.16,0.635700066,,490.07,0.693178121,,,617.26,0.019237074
706.99,12.4,,14.4,0.96124031,0.339726027,0.585784314,,29.81,0.989051095,,706.99,1,,,459.94,0.014334154
533.05,8.4,,18.8,0.651162791,0.342465753,0.693627451,,22.96,0.761778368,,533.05,0.75397106,,,352.39,0.010982329
60.91,0,,16.1,0,0.345205479,0.62745098,,2.72,0.090245521,,60.91,0.086153977,,,619.16,0.019296288
264.53,1.7,,17.2,0.131782946,0.347945205,0.654411765,,11.54,0.382879894,,264.53,0.374163708,,,641.57,0.019994702
538.26,6.8,,16.4,0.527131783,0.350684932,0.634803922,,22.48,0.745852687,,538.26,0.76134033,,,357.59,0.011144389
662.31,10.1,,14.3,0.782945736,0.353424658,0.583333333,,28.79,0.955209025,,662.31,0.936802501,,,193.08,0.00601739
580.73,9.2,,13.7,0.713178295,0.356164384,0.568627451,,25.69,0.852355674,,580.73,0.821411901,,,352.05,0.010971733
592.52,7.2,,16.3,0.558139535,0.35890411,0.632352941,,27.07,0.898142004,,592.52,0.838088233,,,535.17,0.016678717
59.58,0,,17.5,0,0.361643836,0.661764706,,3.05,0.101194426,,59.58,0.084272762,,,203.2,0.006332783
341.42,4.1,,13.9,0.317829457,0.364383562,0.573529412,,16.33,0.54180491,,341.42,0.482920551,,,464.05,0.014462243
545.07,8.9,,18.1,0.689922481,0.367123288,0.676470588,,26.37,0.874917054,,545.07,0.770972715,,,662.38,0.020643251
429.06,5.4,,23.3,0.418604651,0.369863014,0.803921569,,19.99,0.663238222,,429.06,0.6068827,,,679.75,0.021184592
323.98,2.3,,25.2,0.178294574,0.37260274,0.850490196,,7.58,0.251493033,,323.98,0.458252592,,,580.77,0.018099854
234.91,0.8,,24.8,0.062015504,0.375342466,0.840686275,,13.92,0.461844725,,234.91,0.332267783,,,643.16,0.020044255
121.87,0,,18.6,0,0.378082192,0.68872549,,3.18,0.105507631,,121.87,0.172378676,,,602.24,0.018768972
323.28,2.9,,17.5,0.224806202,0.380821918,0.661764706,,15.37,0.50995355,,323.28,0.457262479,,,637.45,0.019866301
412.8,5.7,,17.5,0.441860465,0.383561644,0.661764706,,19.86,0.658925017,,412.8,0.583883789,,,538.9,0.016794964
597.44,8.6,,17,0.666666667,0.38630137,0.649509804,,25.17,0.835102853,,597.44,0.845047313,,,623.86,0.019442765
323.27,2.6,,17.9,0.201550388,0.389041096,0.671568627,,17.76,0.589250166,,323.27,0.457248334,,,627.47,0.019555272
681.87,11,,16.4,0.852713178,0.391780822,0.634803922,,29.53,0.979761115,,681.87,0.964469087,,,385.37,0.01201016
653.61,12.8,,18.1,0.992248062,0.394520548,0.676470588,,30.14,1,,653.61,0.92449681,,,487.87,0.0152046
455.42,5.1,,18.8,0.395348837,0.397260274,0.693627451,,22.8,0.756469808,,455.42,0.644167527,,,656.34,0.020455013
629.2,12.7,,19.1,0.984496124,0.4,0.700980392,,29.47,0.977770405,,629.2,0.889970155,,,699.87,0.021811637
344.03,1.5,,18.7,0.11627907,0.402739726,0.691176471,,16.24,0.538818845,,344.03,0.486612258,,,658.31,0.020516409
584.99,9.4,,20.5,0.728682171,0.405479452,0.735294118,,23.22,0.770404778,,584.99,0.827437446,,,594.05,0.018513728
552.01,10.3,,20.8,0.798449612,0.408219178,0.742647059,,25.66,0.851360319,,552.01,0.780788979,,,602.03,0.018762427
321.47,1.1,,19.6,0.085271318,0.410958904,0.713235294,,11.47,0.380557399,,321.47,0.45470233,,,474.36,0.014783557
627.62,11.3,,18,0.875968992,0.41369863,0.674019608,,28.37,0.941274054,,627.62,0.887735329,,,254.29,0.007925016
626.99,12.9,,20.6,1,0.416438356,0.737745098,,29.86,0.99071002,,626.99,0.886844227,,,342.56,0.010675975
632.29,12.9,,21.6,1,0.419178082,0.762254902,,29.91,0.992368945,,632.29,0.894340797,,,666.5,0.020771652
282.66,10.5,,22.1,0.813953488,0.421917808,0.774509804,,27.51,0.912740544,,282.66,0.399807635,,,632.55,0.019713591
469.62,5.9,,21.5,0.457364341,0.424657534,0.759803922,,22.55,0.748175182,,469.62,0.664252677,,,663.31,0.020672235
442.98,5.5,,22.3,0.426356589,0.42739726,0.779411765,,17.59,0.583609821,,442.98,0.626571804,,,598.94,0.018666126
533.72,7.2,,21.7,0.558139535,0.430136986,0.764705882,,25,0.829462508,,533.72,0.75491874,,,145.19,0.004524885
445.3,6.1,,20.4,0.472868217,0.432876712,0.732843137,,25.83,0.857000664,,445.3,0.629853322,,,94.01,0.002929847
356.14,4.6,,20.5,0.356589147,0.435616438,0.735294118,,17.45,0.578964831,,356.14,0.503741213,,,552.18,0.017208838
423.81,5.2,,22,0.403100775,0.438356164,0.772058824,,17.46,0.579296616,,423.81,0.599456852,,,622.84,0.019410976
433.34,3.2,,21.9,0.248062016,0.44109589,0.769607843,,18.14,0.601857996,,433.34,0.612936534,,,339.51,0.010580921
344.21,3.3,,21.5,0.255813953,0.443835616,0.759803922,,9.93,0.329462508,,344.21,0.486866858,,,640.91,0.019974133
546.07,8.1,,20,0.627906977,0.446575342,0.723039216,,18.02,0.597876576,,546.07,0.772387162,,,503.64,0.015696076
527.4,8.8,,21.6,0.682170543,0.449315068,0.762254902,,23.05,0.764764433,,527.4,0.745979434,,,497.5,0.015504722
577.91,8.5,,22.3,0.658914729,0.452054795,0.779411765,,25.34,0.840743198,,577.91,0.81742316,,,635.27,0.019798361
656.24,12.4,,22.6,0.96124031,0.454794521,0.786764706,,26.92,0.893165229,,656.24,0.928216806,,,598.57,0.018654595
625.81,8.9,,21.6,0.689922481,0.457534247,0.762254902,,29.31,0.972461845,,625.81,0.885175179,,,597.89,0.018633403
461.96,4.6,,21.7,0.356589147,0.460273973,0.764705882,,19.86,0.658925017,,461.96,0.653418012,,,578.56,0.018030978
596,10.5,,23.1,0.813953488,0.463013699,0.799019608,,27.03,0.896814864,,596,0.843010509,,,619.06,0.019293172
169.12,0,,20.7,0,0.465753425,0.740196078,,6.8,0.225613802,,169.12,0.239211304,,,580.8,0.018100788
554.17,6.6,,21.1,0.511627907,0.468493151,0.75,,21.83,0.724286662,,554.17,0.783844185,,,290.29,0.009046966
638.72,9.9,,21.7,0.76744186,0.471232877,0.764705882,,27.56,0.914399469,,638.72,0.903435692,,,584.31,0.018210179
531.66,7.8,,23.3,0.604651163,0.473972603,0.803921569,,24.07,0.798606503,,531.66,0.752004979,,,551.7,0.017193879
533.22,8.2,,23.6,0.635658915,0.476712329,0.81127451,,22.31,0.740212342,,533.22,0.754211516,,,555.38,0.017308567
602.8,11.7,,23.9,0.906976744,0.479452055,0.818627451,,27.41,0.909422694,,602.8,0.85262875,,,355.73,0.011086421
522.17,8.4,,25.2,0.651162791,0.482191781,0.850490196,,24.05,0.797942933,,522.17,0.738581875,,,490.57,0.015288746
145.98,0,,25.7,0,0.484931507,0.862745098,,5.54,0.183808892,,145.98,0.206480997,,,232.25,0.007238134
466.99,4.8,,24.7,0.372093023,0.487671233,0.838235294,,18.44,0.611811546,,466.99,0.660532681,,,477.24,0.014873313
172.97,0.1,,23.9,0.007751938,0.490410959,0.818627451,,6.07,0.201393497,,172.97,0.244656926,,,530.3,0.016526942
549.09,7.4,,24.2,0.573643411,0.493150685,0.825980392,,23.72,0.786994028,,549.09,0.776658793,,,424.2,0.013220307
171.83,0.4,,24.2,0.031007752,0.495890411,0.825980392,,7.53,0.249834107,,171.83,0.243044456,,,480.18,0.014964939
124.94,0,,21.6,0,0.498630137,0.762254902,,6.55,0.217319177,,124.94,0.176721029,,,243.92,0.007601833
208.64,0.8,,23.8,0.062015504,0.501369863,0.816176471,,7.45,0.247179827,,208.64,0.295110256,,,278.7,0.008685761
561.7,8.9,,26.7,0.689922481,0.504109589,0.887254902,,20.65,0.685136032,,561.7,0.794494972,,,198.8,0.006195656
430.93,6.6,,25.1,0.511627907,0.506849315,0.848039216,,23.95,0.794625083,,430.93,0.609527716,,,228.89,0.007133419
423.38,2.9,,25,0.224806202,0.509589041,0.845588235,,19.7,0.653616457,,423.38,0.59884864,,,447.33,0.01394116
179.98,0.1,,22.9,0.007751938,0.512328767,0.794117647,,5.76,0.191108162,,179.98,0.2545722,,,344.78,0.010745162
633.45,11.1,,23.9,0.860465116,0.515068493,0.818627451,,21.65,0.718314532,,633.45,0.895981556,,,284.25,0.008858728
501.42,2.3,,24.1,0.178294574,0.517808219,0.823529412,,16.61,0.551094891,,501.42,0.709232097,,,230.35,0.00717892
178.71,0.3,,23.7,0.023255814,0.520547945,0.81372549,,4.94,0.163901792,,178.71,0.252775853,,,407.91,0.012712625
404.75,5,,27.1,0.387596899,0.523287671,0.897058824,,19.66,0.652289317,,404.75,0.572497489,,,178.37,0.005558949
460.18,7.2,,28.3,0.558139535,0.526027397,0.926470588,,21.07,0.699071002,,460.18,0.650900296,,,365.25,0.011383115
558.27,10,,27.5,0.775193798,0.528767123,0.906862745,,25.05,0.831121433,,558.27,0.789643418,,,571.43,0.01780877
575.11,9.9,,28,0.76744186,0.531506849,0.919117647,,29,0.96217651,,575.11,0.813462708,,,577.69,0.018003864
603.66,9.8,,27.4,0.759689922,0.534246575,0.904411765,,27.26,0.904445919,,603.66,0.853845175,,,391.32,0.012195593
644.75,11.3,,27.7,0.875968992,0.536986301,0.911764706,,29.89,0.991705375,,644.75,0.911964809,,,205.17,0.006394178
627.7,12.6,,27.5,0.976744186,0.539726027,0.906862745,,27.29,0.905441274,,627.7,0.887848484,,,365.61,0.011394334
623.99,12.6,,27.7,0.976744186,0.542465753,0.911764706,,28.64,0.95023225,,623.99,0.882600885,,,194.29,0.0060551
610.92,11.6,,28.1,0.899224806,0.545205479,0.921568627,,24.39,0.809223623,,610.92,0.864114061,,,195.32,0.0060872
622.96,12,,27.5,0.930232558,0.547945205,0.906862745,,25.07,0.831785003,,622.96,0.881144005,,,442.62,0.013794372
616.84,12.6,,28.1,0.976744186,0.550684932,0.921568627,,27.73,0.920039814,,616.84,0.872487588,,,547.8,0.017072335
565.57,11.2,,29.1,0.868217054,0.553424658,0.946078431,,20.1,0.666887857,,565.57,0.799968882,,,484.58,0.015102066
515.67,6.4,,30.2,0.496124031,0.556164384,0.973039216,,21.93,0.727604512,,515.67,0.729387969,,,416.33,0.012975037
602.86,10.1,,30,0.782945736,0.55890411,0.968137255,,24.59,0.815859323,,602.86,0.852713617,,,245.53,0.007652009
620.59,12.9,,29.8,1,0.561643836,0.963235294,,28.25,0.937292634,,620.59,0.877791765,,,296.02,0.009225543
475.19,10.6,,29.5,0.821705426,0.564383562,0.955882353,,23.34,0.774386198,,475.19,0.672131148,,,510.64,0.015914233
570.39,10.7,,29,0.829457364,0.567123288,0.943627451,,28.52,0.946250829,,570.39,0.806786517,,,513.82,0.016013339
599.48,10.6,,29.1,0.821705426,0.569863014,0.946078431,,27.24,0.903782349,,599.48,0.847932785,,,534.56,0.016659706
587.25,9.3,,29.2,0.720930233,0.57260274,0.948529412,,22.74,0.754479098,,587.25,0.830634097,,,406.46,0.012667435
591.82,11.7,,30.7,0.906976744,0.575342466,0.985294118,,27.26,0.904445919,,591.82,0.83709812,,,572.35,0.017837442
557.35,8.6,,30.5,0.666666667,0.578082192,0.980392157,,22.84,0.757796948,,557.35,0.788342126,,,357.45,0.011140026
616.13,11.4,,29.9,0.88372093,0.580821918,0.965686275,,23.44,0.777704048,,616.13,0.871483331,,,84.05,0.002619441
611.1,12.7,,30.9,0.984496124,0.583561644,0.990196078,,27.43,0.910086264,,611.1,0.864368662,,,482.76,0.015045345
593.39,12.1,,31.3,0.937984496,0.58630137,1,,20.92,0.694094227,,593.39,0.839318802,,,560.48,0.01746751
593,11.7,,31,0.906976744,0.589041096,0.992647059,,27.79,0.922030524,,593,0.838767168,,,619.71,0.019313429
543.35,9.3,,29.6,0.720930233,0.591780822,0.958333333,,20.48,0.679495687,,543.35,0.768539866,,,605.4,0.018867454
568.76,9.4,,29.6,0.728682171,0.594520548,0.958333333,,20.68,0.686131387,,568.76,0.804480969,,,605.18,0.018860598
581.44,11.9,,29.6,0.92248062,0.597260274,0.958333333,,24.05,0.797942933,,581.44,0.822416159,,,571.46,0.017809705
568.77,8.5,,29.7,0.658914729,0.6,0.960784314,,21.15,0.701725282,,568.77,0.804495113,,,574.73,0.017911615
564.72,10.8,,30,0.837209302,0.602739726,0.968137255,,22.38,0.742534837,,564.72,0.798766602,,,326.12,0.010163618
569.02,11.6,,29.6,0.899224806,0.605479452,0.958333333,,23.6,0.783012608,,569.02,0.804848725,,,165.66,0.005162839
504.96,8.9,,29.3,0.689922481,0.608219178,0.950980392,,20.74,0.688122097,,504.96,0.71423924,,,554.63,0.017285193
514.51,7.4,,29,0.573643411,0.610958904,0.943627451,,18.29,0.606834771,,514.51,0.72774721,,,577.54,0.01799919
393.51,5.7,,29,0.441860465,0.61369863,0.943627451,,17.29,0.573656271,,393.51,0.556599103,,,437.39,0.013631377
550.1,11,,30.5,0.852713178,0.616438356,0.980392157,,26.83,0.890179164,,550.1,0.778087385,,,139.21,0.004338517
583.26,10.6,,30,0.821705426,0.619178082,0.968137255,,22.18,0.735899137,,583.26,0.824990452,,,171.73,0.005352012
576.73,12.2,,30.4,0.945736434,0.621917808,0.977941176,,25.95,0.860982084,,576.73,0.815754113,,,134.66,0.004196715
464.15,8.4,,30.2,0.651162791,0.624657534,0.973039216,,21.03,0.697743862,,464.15,0.656515651,,,380.2,0.011849035
606.24,11,,28.4,0.852713178,0.62739726,0.928921569,,26.47,0.878234904,,606.24,0.857494448,,,557.06,0.017360925
613.25,11.8,,26,0.914728682,0.630136986,0.870098039,,27.08,0.898473789,,613.25,0.867409723,,,455.72,0.014202637
601.7,11.7,,26.3,0.906976744,0.632876712,0.87745098,,25.35,0.841074983,,601.7,0.851072858,,,313.87,0.009781843
475.34,6.8,,27.9,0.527131783,0.635616438,0.916666667,,23.59,0.782680823,,475.34,0.672343315,,,334.33,0.010419485
294.36,1.7,,27.3,0.131782946,0.638356164,0.901960784,,18.12,0.601194426,,294.36,0.416356667,,,209.68,0.006534734
531.71,10.4,,30.7,0.80620155,0.64109589,0.985294118,,22.69,0.752820173,,531.71,0.752075701,,,447.09,0.01393368
109.15,0,,26.8,0,0.643835616,0.889705882,,5.44,0.180491042,,109.15,0.154386908,,,513.29,0.015996821
226.17,1.2,,24.7,0.093023256,0.646575342,0.838235294,,6.5,0.215660252,,226.17,0.319905515,,,441.93,0.013772868
319.72,1,,25,0.07751938,0.649315068,0.845588235,,13.65,0.45288653,,319.72,0.452227047,,,497.17,0.015494437
96.35,0,,21.4,0,0.652054795,0.757352941,,4.31,0.142999336,,96.35,0.136281984,,,574.28,0.017897591
77.24,0,,24.6,0,0.654794521,0.835784314,,2.95,0.097876576,,77.24,0.109251899,,,606.65,0.018906411
339.78,3.4,,27.3,0.263565891,0.657534247,0.901960784,,11.47,0.380557399,,339.78,0.480600857,,,248.13,0.007733038
535.51,10.5,,27.7,0.813953488,0.660273973,0.911764706,,23.38,0.775713338,,535.51,0.7574506,,,621.74,0.019376695
170.43,1.7,,25.9,0.131782946,0.663013699,0.867647059,,7.22,0.239548772,,170.43,0.24106423,,,251.33,0.007832767
203.77,0.5,,23.4,0.03875969,0.665753425,0.806372549,,4.98,0.165228932,,203.77,0.288221898,,,585.32,0.018241655
579.51,9.2,,25.4,0.713178295,0.668493151,0.855392157,,24.26,0.804910418,,579.51,0.819686276,,,623.9,0.019444012
373.84,3.5,,24.8,0.271317829,0.671232877,0.840686275,,10.26,0.340411413,,373.84,0.528776928,,,452.16,0.014091688
289.75,1.7,,25.5,0.131782946,0.673972603,0.857843137,,10.75,0.356668879,,289.75,0.409836066,,,573.52,0.017873905
608.04,10.1,,23.9,0.782945736,0.676712329,0.818627451,,21.82,0.723954877,,608.04,0.860040453,,,490.75,0.015294356
599.51,11.2,,23.9,0.868217054,0.679452055,0.818627451,,23.43,0.777372263,,599.51,0.847975219,,,81.85,0.002550877
274.54,0.4,,23,0.031007752,0.682191781,0.796568627,,11.36,0.376907764,,274.54,0.388322324,,,132.21,0.00412036
305.56,1.6,,21.7,0.124031008,0.684931507,0.764705882,,10.62,0.352355674,,305.56,0.432198475,,,476.95,0.014864275
577.51,10.7,,20.5,0.829457364,0.687671233,0.735294118,,21.63,0.717650962,,577.51,0.816857381,,,498.1,0.015523421
515.52,11.8,,20.4,0.914728682,0.690410959,0.732843137,,24.3,0.806237558,,515.52,0.729175802,,,391.35,0.012196528
601.52,10.5,,21.6,0.813953488,0.693150685,0.762254902,,22.5,0.746516257,,601.52,0.850818258,,,306.17,0.009541871
441.98,4.2,,20.1,0.325581395,0.695890411,0.725490196,,16.44,0.545454545,,441.98,0.625157357,,,181.08,0.005643407
583.72,10.9,,21.6,0.84496124,0.698630137,0.762254902,,22.93,0.760783013,,583.72,0.825641098,,,553.7,0.01725621
178.21,0.5,,22,0.03875969,0.701369863,0.772058824,,6.09,0.202057067,,178.21,0.252068629,,,580.45,0.018089881
212.33,0,,22.5,0,0.704109589,0.784313725,,9.97,0.330789648,,212.33,0.300329566,,,588.66,0.018345747
245.33,1.1,,23.8,0.085271318,0.706849315,0.816176471,,7.52,0.249502322,,245.33,0.347006323,,,487.6,0.015196185
223.36,1.5,,23.1,0.11627907,0.709589041,0.799019608,,8.85,0.293629728,,223.36,0.315930918,,,400.36,0.012477327
493.47,7.5,,21.7,0.581395349,0.712328767,0.764705882,,17.24,0.571997346,,493.47,0.697987242,,,506.12,0.015773366
565.45,11.1,,21.3,0.860465116,0.715068493,0.754901961,,22.28,0.739216987,,565.45,0.799799149,,,517.89,0.016140181
225.65,0,,21.2,0,0.717808219,0.75245098,,9.5,0.315195753,,225.65,0.319170002,,,387.54,0.012077789
206.31,0,,21.8,0,0.720547945,0.767156863,,5.96,0.197743862,,206.31,0.291814594,,,466.06,0.014524885
150.85,0.2,,20.5,0.015503876,0.723287671,0.735294118,,4.23,0.140345056,,150.85,0.213369355,,,543.33,0.016933026
546.99,9.6,,21.1,0.744186047,0.726027397,0.75,,20.86,0.692103517,,546.99,0.773688454,,,550.43,0.017154299
415.53,5.2,,19.6,0.403100775,0.728767123,0.713235294,,14.08,0.467153285,,415.53,0.58774523,,,341.04,0.010628603
482.68,8.3,,17.6,0.643410853,0.731506849,0.664215686,,16.04,0.532183145,,482.68,0.682725357,,,447.45,0.0139449
599.02,10.8,,16.9,0.837209302,0.734246575,0.647058824,,22.61,0.750165893,,599.02,0.84728214,,,419.69,0.013079752
453.9,5.8,,18.9,0.449612403,0.736986301,0.696078431,,14.56,0.483078965,,453.9,0.642017567,,,478.84,0.014923178
586.61,10.9,,18.2,0.84496124,0.739726027,0.678921569,,21.71,0.720305242,,586.61,0.82972885,,,196.91,0.006136753
232.43,0.9,,18.1,0.069767442,0.742465753,0.676470588,,11.16,0.370272064,,232.43,0.328759954,,,534.65,0.016662511
560,9.5,,20,0.736434109,0.745205479,0.723039216,,19.73,0.654611812,,560,0.792090411,,,480.48,0.014974289
560.99,10.6,,18.7,0.821705426,0.747945205,0.691176471,,19.71,0.653948242,,560.99,0.793490714,,,541.44,0.016874123
366.32,5.2,,16.6,0.403100775,0.750684932,0.639705882,,12.4,0.411413404,,366.32,0.518140285,,,61.01,0.001901393
555.73,10.5,,16.1,0.813953488,0.753424658,0.62745098,,18.78,0.623092236,,555.73,0.786050722,,,32087,1
569.32,10.8,,15.9,0.837209302,0.756164384,0.62254902,,20.63,0.684472462,,569.32,0.805273059,,,494.98,0.015426185
504.72,8.5,,18.6,0.658914729,0.75890411,0.68872549,,19.58,0.649635036,,504.72,0.713899772,,,458.16,0.01427868
61.44,0,,17.3,0,0.761643836,0.656862745,,2.06,0.068347711,,61.44,0.086903634,,,211.7,0.006597688
181.74,1.3,,18.3,0.100775194,0.764383562,0.681372549,,3.72,0.123424021,,181.74,0.257061627,,,114.11,0.003556269
557.15,10.7,,17,0.829457364,0.767123288,0.649509804,,18.87,0.626078301,,557.15,0.788059237,,,362.29,0.011290865
430.01,5.8,,14.5,0.449612403,0.769863014,0.588235294,,14.99,0.49734572,,430.01,0.608226425,,,491.15,0.015306822
254.78,1.2,,15.5,0.093023256,0.77260274,0.612745098,,9.03,0.299601858,,254.78,0.360372848,,,348.76,0.010869199
437.08,6.4,,14.2,0.496124031,0.775342466,0.580882353,,16.23,0.53848706,,437.08,0.618226566,,,107.01,0.003334995
505.16,6.9,,12,0.534883721,0.778082192,0.526960784,,17.49,0.580291971,,505.16,0.714522129,,,65.9,0.002053791
556.3,10.6,,11.6,0.821705426,0.780821918,0.517156863,,19.31,0.640676841,,556.3,0.786856957,,,549.64,0.017129679
534.39,10.6,,11.7,0.821705426,0.783561644,0.519607843,,18.64,0.618447246,,534.39,0.75586642,,,552.58,0.017221305
472.54,8.5,,13,0.658914729,0.78630137,0.551470588,,16.84,0.558725946,,472.54,0.668382863,,,280.38,0.008738118
408.55,8.7,,14.5,0.674418605,0.789041096,0.588235294,,15.55,0.51592568,,408.55,0.577872389,,,236.23,0.007362172
218.89,1.4,,13.5,0.108527132,0.791780822,0.56372549,,7.82,0.259455873,,218.89,0.30960834,,,394.44,0.012292829
509.66,10.2,,12.9,0.790697674,0.794520548,0.549019608,,17.23,0.571665561,,509.66,0.720887141,,,154.08,0.004801945
463.92,8.6,,12.2,0.666666667,0.797260274,0.531862745,,17.65,0.585600531,,463.92,0.656190328,,,543.13,0.016926793
540.61,10.4,,11.9,0.80620155,0.8,0.524509804,,17.89,0.593563371,,540.61,0.764664281,,,542.97,0.016921806
529.62,9.4,,12.4,0.728682171,0.802739726,0.536764706,,17.06,0.566025216,,529.62,0.749119507,,,538.08,0.016769408
532.67,10,,12.4,0.775193798,0.805479452,0.536764706,,17.21,0.571001991,,532.67,0.75343357,,,502.19,0.015650887
313.35,4.5,,13.2,0.348837209,0.808219178,0.556372549,,11.57,0.383875249,,313.35,0.443217019,,,538.08,0.016769408
294.62,4.1,,13.2,0.317829457,0.810958904,0.556372549,,10.55,0.350033179,,294.62,0.416724423,,,502.19,0.015650887
530.3,9.7,,12.5,0.751937984,0.81369863,0.539215686,,16.94,0.562043796,,530.3,0.750081331,,,362.85,0.011308318
506.24,9.5,,13.2,0.736434109,0.816438356,0.556372549,,16.42,0.544790975,,506.24,0.716049732,,,434.14,0.01353009
49.15,1.3,,13.4,0.100775194,0.819178082,0.56127451,,1.67,0.055408096,,49.15,0.069520078,,,325.56,0.010146165
170.75,1.3,,11.5,0.100775194,0.821917808,0.514705882,,6.93,0.229927007,,170.75,0.241516853,,,276.08,0.008604108
415.06,8.4,,13.9,0.651162791,0.824657534,0.573529412,,12.57,0.417053749,,415.06,0.58708044,,,457.4,0.014254994
286.55,6.2,,11.1,0.480620155,0.82739726,0.504901961,,8.52,0.282680823,,286.55,0.405309835,,,406.33,0.012663384
525.45,8.2,,8.6,0.635658915,0.830136986,0.443627451,,15.14,0.502322495,,525.45,0.743221262,,,547.23,0.01705457
414.19,6.8,,8.1,0.527131783,0.832876712,0.431372549,,12.93,0.428998009,,414.19,0.585849871,,,520.73,0.016228691
527.28,10.1,,8.4,0.782945736,0.835616438,0.43872549,,15.9,0.527538155,,527.28,0.7458097,,,343.64,0.010709633
515.13,10.1,,10.1,0.782945736,0.838356164,0.480392157,,15.52,0.514930325,,515.13,0.728624167,,,277.37,0.008644311
442.61,8.7,,10.4,0.674418605,0.84109589,0.487745098,,13.95,0.46284008,,442.61,0.626048459,,,213.86,0.006665005
472.25,9.1,,10.6,0.705426357,0.843835616,0.492647059,,14.27,0.4734572,,472.25,0.667972673,,,439.95,0.01371116
454.91,8.5,,10.8,0.658914729,0.846575342,0.49754902,,14.15,0.46947578,,454.91,0.643446159,,,506.73,0.015792377
291.96,5.5,,11.4,0.426356589,0.849315068,0.512254902,,11.94,0.396151294,,291.96,0.412961994,,,465.2,0.014498083
32.64,0,,12.3,0,0.852054795,0.534313725,,2.22,0.073656271,,32.64,0.046167555,,,283.59,0.008838159
33.66,0,,14.8,0,0.854794521,0.595588235,,1.39,0.046118115,,33.66,0.047610292,,,402.1,0.012531555
230.4,5.4,,12.6,0.418604651,0.857534247,0.541666667,,8.24,0.273390843,,230.4,0.325888626,,,458.96,0.014303612
382.37,9,,12.3,0.697674419,0.860273973,0.534313725,,10.32,0.342402123,,382.37,0.540842162,,,185.27,0.005773989
76.69,0,,10.2,0,0.863013699,0.482843137,,5.13,0.170205707,,76.69,0.108473953,,,489.81,0.015265061
457.15,9,,9.5,0.697674419,0.865753425,0.465686275,,12.76,0.423357664,,457.15,0.646614521,,,430.21,0.013407611
446.25,9.4,,8.1,0.728682171,0.868493151,0.431372549,,12.9,0.428002654,,446.25,0.631197047,,,184.12,0.005738149
432.72,9.2,,8,0.713178295,0.871232877,0.428921569,,12.5,0.414731254,,432.72,0.612059577,,,397.56,0.012390065
365.28,8.6,,9.7,0.666666667,0.873972603,0.470588235,,11.26,0.373589914,,365.28,0.51666926,,,346.83,0.01080905
100.13,0,,9.6,0,0.876712329,0.468137255,,3.94,0.130723291,,100.13,0.141628594,,,471.78,0.014703151
492.85,9.3,,7.4,0.720930233,0.879452055,0.414215686,,13.59,0.45089582,,492.85,0.697110284,,,150.49,0.004690061
113.36,0.1,,6.2,0.007751938,0.882191781,0.384803922,,4.51,0.149635036,,113.36,0.16034173,,,506.48,0.015784586
383.86,8,,8.5,0.620155039,0.884931507,0.441176471,,11.82,0.392169874,,383.86,0.542949688,,,316.65,0.009868483
442.25,9.1,,7.1,0.705426357,0.887671233,0.406862745,,12.73,0.422362309,,442.25,0.625539258,,,437.46,0.013633559
209.47,2.4,,6.8,0.186046512,0.890410959,0.399509804,,7.02,0.232913072,,209.47,0.296284247,,,455.52,0.014196404
474.62,8.6,,4.3,0.666666667,0.893150685,0.338235294,,13.16,0.436629064,,474.62,0.671324913,,,115.97,0.003614236
415.87,8.4,,4.2,0.651162791,0.895890411,0.335784314,,11.59,0.384538819,,415.87,0.588226142,,,150.19,0.004680712
120.18,2.1,,7.9,0.162790698,0.898630137,0.426470588,,2.79,0.092568016,,120.18,0.16998826,,,257.43,0.008022875
241.53,5.4,,7.6,0.418604651,0.901369863,0.419117647,,9.25,0.306901128,,241.53,0.341631423,,,418.2,0.013033316
426.45,8.5,,6.7,0.658914729,0.904109589,0.397058824,,12.02,0.398805574,,426.45,0.603190993,,,213.95,0.006667809
296.66,7.4,,9.3,0.573643411,0.906849315,0.460784314,,9.53,0.316191108,,296.66,0.419609895,,,403.12,0.012563343
177.58,3,,5.4,0.23255814,0.909589041,0.365196078,,6.89,0.228599867,,177.58,0.251177527,,,215.25,0.006708324
171.14,3.1,,5.2,0.240310078,0.912328767,0.360294118,,6.18,0.205043132,,171.14,0.242068488,,,306.5,0.009552155
415.78,8.3,,5,0.643410853,0.915068493,0.355392157,,11.2,0.371599204,,415.78,0.588098842,,,453.77,0.014141864
197.38,2.3,,5,0.178294574,0.917808219,0.355392157,,6.37,0.211347047,,197.38,0.279183581,,,475.12,0.014807243
307.87,7,,10,0.542635659,0.920547945,0.477941176,,9.54,0.316522893,,307.87,0.435465848,,,315.91,0.00984542
65.81,0.2,,15,0.015503876,0.923287671,0.600490196,,2.15,0.071333776,,65.81,0.093084768,,,354.15,0.01103718
121.08,0.6,,9.4,0.046511628,0.926027397,0.463235294,,4.11,0.136363636,,121.08,0.171261263,,,273.72,0.008530558
322.78,5.5,,2.9,0.426356589,0.928767123,0.303921569,,8.95,0.296947578,,322.78,0.456555255,,,380.98,0.011873344
119.04,1.4,,3.2,0.108527132,0.931506849,0.31127451,,4.98,0.165228932,,119.04,0.16837579,,,337.71,0.010524823
317.18,4.4,,-1.9,0.341085271,0.934246575,0.18627451,,10.01,0.332116788,,317.18,0.448634351,,,140.43,0.004376539
313.98,8.4,,-4.3,0.651162791,0.936986301,0.12745098,,9.45,0.313536828,,313.98,0.44410812,,,405.28,0.01263066
459.29,7.6,,-4.1,0.589147287,0.939726027,0.132352941,,12.17,0.403782349,,459.29,0.649641438,,,133.59,0.004163368
443.19,8.7,,-1.7,0.674418605,0.942465753,0.191176471,,11.68,0.387524884,,443.19,0.626868838,,,181.56,0.005658366
66.72,0,,-0.2,0,0.945205479,0.227941176,,1.79,0.059389516,,66.72,0.094371915,,,20.86,0.000650108
374.56,6,,-0.2,0.465116279,0.947945205,0.227941176,,11.3,0.374917054,,374.56,0.529795329,,,46.65,0.00145386
203.95,2,,2.1,0.15503876,0.950684932,0.284313725,,6.17,0.204711347,,203.95,0.288476499,,,351.86,0.010965812
383.65,6,,-0.6,0.465116279,0.953424658,0.218137255,,11.23,0.372594559,,383.65,0.542652654,,,345.8,0.01077695
353.66,8.2,,-1.6,0.635658915,0.956164384,0.193627451,,10.74,0.356337094,,353.66,0.500233384,,,240.49,0.007494936
202.82,2.1,,1.7,0.162790698,0.95890411,0.274509804,,5.18,0.171864632,,202.82,0.286878174,,,310.97,0.009691464
323.18,5.6,,4.4,0.434108527,0.961643836,0.340686275,,8.84,0.293297943,,323.18,0.457121034,,,394.11,0.012282544
313.26,5.7,,4.6,0.441860465,0.964383562,0.345588235,,7.29,0.241871267,,313.26,0.443089718,,,261.08,0.008136629
269.74,5.4,,7.4,0.418604651,0.967123288,0.414215686,,7.74,0.256801593,,269.74,0.381532978,,,376.11,0.011721569
187.04,4.2,,5.6,0.325581395,0.969863014,0.370098039,,6.18,0.205043132,,187.04,0.264558197,,,373.08,0.011627139
93.87,1.1,,4.6,0.085271318,0.97260274,0.345588235,,5.68,0.188453882,,93.87,0.132774155,,,271.77,0.008469785
331.64,6.7,,6.6,0.519379845,0.975342466,0.394607843,,9.64,0.319840743,,331.64,0.469087257,,,131.47,0.004097298
406.17,8.3,,6.1,0.643410853,0.978082192,0.382352941,,10.73,0.356005309,,406.17,0.574506004,,,322,0.010035217
391.95,7.7,,0.4,0.596899225,0.980821918,0.242647059,,11.06,0.366954214,,391.95,0.554392566,,,82.57,0.002573316
147.66,1.6,,1.1,0.124031008,0.983561644,0.259803922,,5.76,0.191108162,,147.66,0.208857268,,,443.36,0.013817434
349.48,5.9,,2.6,0.457364341,0.98630137,0.296568627,,9.42,0.312541473,,349.48,0.494320995,,,302.27,0.009420326
444.38,8.2,,-4.1,0.635658915,0.989041096,0.132352941,,11.6,0.384870604,,444.38,0.62855203,,,450.88,0.014051797
336.61,4.6,,-6,0.356589147,0.991780822,0.085784314,,10.09,0.334771068,,336.61,0.47611706,,,151.89,0.004733693
376.89,7,,-4,0.542635659,0.994520548,0.134803922,,11.54,0.382879894,,376.89,0.533090991,,,91.99,0.002866893
359.94,6.7,,-4.8,0.519379845,0.997260274,0.115196078,,10.74,0.356337094,,359.94,0.509116112,,,85.2,0.002655281
418.54,8.7,,-3.1,0.674418605,1,0.156862745,,11.74,0.389515594,,418.54,0.592002716,,,335.36,0.010451585
